tree
version=v4
num_class=1
num_tree_per_iteration=1
label_index=0
max_feature_idx=6
objective=regression
feature_names=Column_0 Column_1 Column_2 Column_3 Column_4 Column_5 Column_6
feature_infos=[0:3759.800048828125] [0:281.5] [0:473.5] [0:107.69999694824219] [0:1] [0:1] [1:999]
tree_sizes=2895 3018 3043 3044 3022 3030 3028 3050 3031 3061 3047 3046 3068 3055 3053 3061 3061 3061 3060 3082 3064 3061 3077 3073 3059 3057 3100 3047 3062 3072 3060 3078 3060 3073 3086 3099 3059 3085 3095 3070 3071 3076 3073 3100 3120 3071 3150 3067 3057 3134 3062 3100 3175 3100 3093 3039 3037 3060 3174 3081 3051 3145 3100 3050 3050 3138 3120 3048 2897 3011 3189 3035 3099 3131 3043 3151 2746 2771 3130 2854 2986 2544 3146 3165 3164 3079 3069 2617 2823 3143 3046 2951 3059 3136 3151 2980 3090 2374 2587 2629

Tree=0
num_leaves=31
num_cat=0
split_feature=5 0 0 0 1 4 4 3 0 4 0 4 4 0 0 0 1 4 1 4 0 3 1 0 0 1 1 1 0 4
split_gain=252597 88731 19742.4 7086.36 6067.11 2863.66 2819.15 1544.06 1377.13 1174.12 1138.76 1011.71 981.587 933.879 789.195 785.03 754.339 600.656 530.922 303.172 212.796 212.736 200.438 103.218 100.954 92.6444 90.8238 89.0973 85.7036 284.224
threshold=1.0000000180025095e-35 367.05000305175787 160.15000152587893 183.44999694824222 34.850000381469734 1.0000000180025095e-35 1.0000000180025095e-35 18.250000000000004 83.549999237060561 1.0000000180025095e-35 244.05000305175784 1.0000000180025095e-35 1.0000000180025095e-35 471.25000000000006 278.75000000000006 94.750000000000014 20.550000190734867 1.0000000180025095e-35 22.44999980926514 1.0000000180025095e-35 83.549999237060561 19.44999980926514 15.650000095367433 278.75000000000006 91.049999237060561 20.94999980926514 21.750000000000004 25.150000572204593 314.94999694824224 1.0000000180025095e-35
decision_type=2 2 2 2 2 2 2 2 2 2 2 2 2 2 2 2 2 2 2 2 2 2 2 2 2 2 2 2 2 2
left_child=2 3 5 9 13 8 7 -6 16 15 12 14 22 19 -5 -2 -1 -15 -10 -3 25 -8 -4 -13 -11 -7 -22 -14 29 -12
right_child=1 4 10 11 6 20 21 -9 18 24 28 23 27 17 -16 -17 -18 -19 -20 -21 26 -23 -24 -25 -26 -27 -28 -29 -30 -31
leaf_value=1.504759087443289 1.6935766117440052 1.5808075795476495 1.4606510399397212 1.6349694320573755 1.525749446538724 1.5544518577466382 1.5746272288792595 1.4994539050171356 1.4801976485572308 1.7452571260533669 1.4449068136288252 1.6856127542089361 1.5031621340154491 1.5464588450828414 1.6041748805674028 1.6650376552613775 1.4804693085321179 1.5961287650836808 1.4582826754685787 1.6313771932266656 1.5297229021014838 1.5486661624322124 1.4479323693600714 1.654846562762212 1.7168554781594965 1.5303426779133786 1.5043545579882915 1.4778251360887822 1.4431676336541692 1.4703774581610765
leaf_weight=34100 20342 10343 23036 18315 36692 4607 5392 57052 31432 2584 38178 2447 4440 21292 15253 18318 20455 2749 17052 1339 3943 7613 26813 1967 2427 2437 2198 2019 460216 4949
leaf_count=34100 20342 10343 23036 18315 36692 4607 5392 57052 31432 2584 38178 2447 4440 21292 15253 18318 20455 2749 17052 1339 3943 7613 26813 1967 2427 2437 2198 2019 460216 4949
internal_value=1.48337 1.57537 1.45286 1.65848 1.52774 1.49037 1.5158 1.50975 1.48475 1.68596 1.44508 1.62689 1.45856 1.56341 1.62098 1.68005 1.49565 1.55214 1.47249 1.5866 1.53425 1.55943 1.45381 1.6719 1.7315 1.54611 1.52064 1.49524 1.44357 1.44783
internal_weight=900000 224125 675875 81653 142472 116224 106749 93744 103039 43671 559651 37982 56308 35723 33568 38660 54555 24041 48484 11682 13185 13005 49849 4414 5011 7044 6141 6459 503343 43127
internal_count=900000 224125 675875 81653 142472 116224 106749 93744 103039 43671 559651 37982 56308 35723 33568 38660 54555 24041 48484 11682 13185 13005 49849 4414 5011 7044 6141 6459 503343 43127
is_linear=0
shrinkage=1


Tree=1
num_leaves=31
num_cat=0
split_feature=5 0 0 0 1 4 4 0 3 1 4 4 0 4 4 0 2 1 0 1 3 1 0 0 4 1 0 0 1 0
split_gain=204604 71950.4 16016.6 6182.58 4608.59 2222.68 2179.58 1221.38 1152.86 1029.53 1022.77 845.87 808.828 782.913 754.139 685.244 637.03 607.162 224.11 205.487 161.46 139.015 107.064 101.515 295.978 88.5835 85.7734 81.1601 75.6455 49.9038
threshold=1.0000000180025095e-35 376.75000000000006 148.65000152587893 199.15000152587893 36.850000381469734 1.0000000180025095e-35 1.0000000180025095e-35 231.65000152587893 15.84999990463257 25.150000572204593 1.0000000180025095e-35 1.0000000180025095e-35 83.549999237060561 1.0000000180025095e-35 1.0000000180025095e-35 68.750000000000014 40.149999618530281 23.550000190734867 65.149997711181655 18.44999980926514 15.650000095367433 20.550000190734867 125.54999923706056 305.65000915527349 1.0000000180025095e-35 28.349999427795414 454.75000000000006 79.649997711181655 21.750000000000004 75.950000762939467
decision_type=2 2 2 2 2 2 2 2 2 2 2 2 2 2 2 2 2 2 2 2 2 2 2 2 2 2 2 2 2 2
left_child=2 3 6 10 14 8 9 11 -6 15 12 19 -2 17 16 -1 -3 -5 -11 -4 -7 27 -12 24 -9 -15 -16 -8 -13 -23
right_child=1 4 7 13 5 20 21 23 -10 18 22 28 -14 25 26 -17 -18 -19 -20 -21 -22 29 -24 -25 -26 -27 -28 -29 -30 -31
leaf_value=0.019914318521381716 0.19093681135200663 0.0837426997543253 -0.018620258230988798 0.13151959174132336 0.038849502669770775 0.083848487705832628 0.064571631034969865 -0.03411142086437511 0.014967258209213614 -0.0032464853995720078 0.23139034308326065 0.022566654238724299 0.16285372635085948 0.17584711555646887 0.13356833633532825 -0.00017888053932175226 0.054335952009938952 0.10350632461945897 -0.021366577635236052 -0.031475869155505057 0.059773237869180332 0.043791980082198312 0.20195886771969437 -0.036158158202807218 -0.0088144137355544196 0.14481946159811582 0.1008431197338801 0.044070979039973403 0.00022253675306836514 0.022721572312596024
leaf_weight=32251 17986 11151 26753 18661 30297 4145 4345 40403 60727 12060 3523 3950 23862 2845 1071 35827 21706 13217 15726 23230 8494 2278 1904 465676 5223 1360 3176 3476 2458 2219
leaf_count=32251 17986 11151 26753 18661 30297 4145 4345 40403 60727 12060 3523 3950 23862 2845 1071 35827 21706 13217 15726 23230 8494 2278 1904 465676 5223 1360 3176 3476 2458 2219
internal_value=5.75023e-10 0.0827987 -0.0274566 0.156428 0.0391979 0.0283728 0.00780736 -0.0341767 0.0229164 0.00271932 0.18022 -0.0202097 0.174924 0.125255 0.0694416 0.00933999 0.064316 0.119905 -0.0135019 -0.024595 0.0676688 0.0474048 0.221065 -0.0357171 -0.0312156 0.165812 0.109096 0.0554602 0.0139958 0.033395
internal_weight=900000 224125 675875 83358 140767 103663 108182 567693 91024 95864 47275 56391 41848 36083 37104 68078 32857 31878 27786 49983 12639 12318 5427 511302 45626 4205 4247 7821 6408 4497
internal_count=900000 224125 675875 83358 140767 103663 108182 567693 91024 95864 47275 56391 41848 36083 37104 68078 32857 31878 27786 49983 12639 12318 5427 511302 45626 4205 4247 7821 6408 4497
is_linear=0
shrinkage=0.1


Tree=2
num_leaves=31
num_cat=0
split_feature=5 0 0 0 1 4 4 3 0 0 0 0 4 1 4 4 4 1 4 2 4 0 3 1 1 1 1 2 0 4
split_gain=165729 58402.4 13016.2 5595.05 3386.11 1924.74 1918.15 1077.99 985.604 887.593 662.662 662.507 640.791 545.648 495.496 454.678 370.978 370.976 353.688 297.076 273.558 147.413 143.934 132.226 69.2871 67.6622 61.8452 45.4941 43.7203 180.669
threshold=1.0000000180025095e-35 391.65000915527349 164.05000305175784 207.44999694824222 29.550000190734867 1.0000000180025095e-35 1.0000000180025095e-35 19.650000572204593 87.149997711181655 117.75000000000001 305.65000915527349 252.44999694824222 1.0000000180025095e-35 18.849999427795414 1.0000000180025095e-35 1.0000000180025095e-35 1.0000000180025095e-35 17.44999980926514 1.0000000180025095e-35 34.149999618530281 1.0000000180025095e-35 91.049999237060561 20.050000190734867 13.250000000000002 26.750000000000004 20.250000000000004 29.150000572204593 34.649999618530281 333.75000000000006 1.0000000180025095e-35
decision_type=2 2 2 2 2 2 2 2 2 2 2 2 2 2 2 2 2 2 2 2 2 2 2 2 2 2 2 2 2 2
left_child=2 3 5 9 15 8 7 -6 13 14 16 12 23 -1 -2 19 -5 -10 -11 -3 -12 24 -8 -4 -7 -14 -23 -17 29 -13
right_child=1 4 11 10 6 21 22 -9 17 18 20 28 25 -15 -16 27 -18 -19 -20 -21 -22 26 -24 -25 -26 -27 -28 -29 -30 -31
leaf_value=0.017946110930487324 0.16790838368062155 0.078468485666968957 -0.018678356757004352 0.1167576740687097 0.033812090959089373 0.055199833384823233 0.073663805556743747 0.012581679486022401 -0.0015516048937527695 0.14081079696832063 0.089982312918411675 -0.031655217532026186 0.016279079590852143 -0.0019321070322619084 0.20895932678991558 0.12093627044233819 0.15841404286015878 -0.019080021357270781 0.18231982729272034 0.054093321071983752 0.13071671076575106 0.034352833289326062 0.05283955431972992 -0.028955663936689271 0.032845076969222897 -0.0038909701928537726 0.0094400971294595955 0.094398488587529833 -0.032619025611093082 -0.012491754515781604
leaf_weight=33310 25183 7170 20776 18282 41730 5904 5831 56027 25999 18306 14388 42895 3927 23587 3329 927 2421 22544 2312 16521 1862 4474 7705 31498 1812 2885 1282 2131 449425 5557
leaf_count=33310 25183 7170 20776 18282 41730 5904 5831 56027 25999 18306 14388 42895 3927 23587 3329 927 2421 22544 2312 16521 1862 4474 7705 31498 1812 2885 1282 2131 449425 5557
internal_value=-1.63816e-10 0.0745188 -0.024711 0.139161 0.0342079 0.00532279 0.0265296 0.0216444 0.000775153 0.161271 0.109765 -0.0311232 -0.0211117 0.00970547 0.172701 0.0661545 0.121629 -0.00969203 0.145465 0.0614704 0.0946498 0.0409154 0.0618102 -0.024871 0.0499501 0.00773671 0.0288042 0.102443 -0.0323113 -0.0294573
internal_weight=900000 224125 675875 86083 138042 118912 111293 97757 105440 49130 36953 556963 59086 56897 28512 26749 20703 48543 20618 23691 16250 13472 13536 52274 7716 6812 5756 3058 497877 48452
internal_count=900000 224125 675875 86083 138042 118912 111293 97757 105440 49130 36953 556963 59086 56897 28512 26749 20703 48543 20618 23691 16250 13472 13536 52274 7716 6812 5756 3058 497877 48452
is_linear=0
shrinkage=0.1


Tree=3
num_leaves=31
num_cat=0
split_feature=5 0 0 0 0 4 4 0 3 0 1 1 1 2 4 4 4 4 4 4 4 2 2 3 0 4 1 2 2 2
split_gain=134240 47351.6 10579.4 3846.39 3405.74 1458.06 1392.78 878.908 770.874 714.143 707.217 632.025 626.777 546.099 517.093 377.703 364.782 304.994 236.663 170.682 170.58 160.503 117.638 107.219 100.592 244.588 99.5786 53.5693 49.9718 46.3842
threshold=1.0000000180025095e-35 352.94999694824224 144.65000152587893 605.04998779296886 164.05000305175784 1.0000000180025095e-35 1.0000000180025095e-35 215.55000305175784 13.750000000000002 454.75000000000006 28.349999427795414 27.550000190734867 22.849999427795414 28.150000572204593 1.0000000180025095e-35 1.0000000180025095e-35 1.0000000180025095e-35 1.0000000180025095e-35 1.0000000180025095e-35 1.0000000180025095e-35 1.0000000180025095e-35 25.150000572204593 23.750000000000004 13.949999809265138 283.15000915527349 1.0000000180025095e-35 15.949999809265138 30.650000572204593 26.650000572204593 24.750000000000004
decision_type=2 2 2 2 2 2 2 2 2 2 2 2 2 2 2 2 2 2 2 2 2 2 2 2 2 2 2 2 2 2
left_child=2 4 6 9 12 8 10 14 -5 18 13 15 16 -1 21 -6 -2 -11 -3 -13 -14 -4 -12 -7 25 -9 29 -16 -28 -8
right_child=1 3 7 5 11 23 26 24 -10 17 22 19 20 -15 27 -17 -18 -19 -20 -21 -22 -23 -24 -25 -26 -27 28 -29 -30 -31
leaf_value=0.015354888299703133 0.15480447264992298 0.070061551205493483 -0.012124613658123467 0.033807278212754602 0.11308273011847952 0.069924796462582248 0.056602240993287367 -0.026878835399570866 0.013161295641474153 0.043185777951304717 -0.0047761858059267755 0.086281992447332465 0.12842683370957975 -0.0022638062154894606 0.022731783857629397 0.14998257114264055 0.19114378405802565 0.079676018674982543 0.10574705151756057 0.12304559447117712 0.16525474046036401 -0.024348698745183972 -0.019464969541894635 0.049237921900742637 -0.029231129549773683 -0.0030760709094979663 0.038506961451446983 0.0028903051975816309 0.01985085620011378 0.039389728018605061
leaf_weight=39852 23076 15923 20764 24708 23739 3432 2997 38017 67465 19637 9848 11347 11712 31496 3107 3141 3138 2593 2104 1421 1409 22252 12215 9280 479012 4870 2938 2421 2808 3278
leaf_count=39852 23076 15923 20764 24708 23739 3432 2997 38017 67465 19637 9848 11347 11712 31496 3107 3141 3138 2593 2104 1421 1409 22252 12215 9280 479012 4870 2938 2421 2808 3278
internal_value=-1.1572e-10 0.0670669 -0.0222399 0.0331597 0.129376 0.0230743 0.0068618 -0.0276186 0.0186957 0.0594361 0.00273867 0.108693 0.150224 0.00757726 -0.0147482 0.117395 0.159155 0.0474422 0.0742265 0.0903736 0.132382 -0.0184481 -0.0129085 0.054823 -0.0288157 -0.0241759 0.0389012 0.0140422 0.02939 0.0476106
internal_weight=900000 224125 675875 145142 78983 104885 105432 570443 92173 40257 93411 39648 39335 71348 48544 26880 26214 22230 18027 12768 13121 43016 22063 12712 521899 42887 12021 5528 5746 6275
internal_count=900000 224125 675875 145142 78983 104885 105432 570443 92173 40257 93411 39648 39335 71348 48544 26880 26214 22230 18027 12768 13121 43016 22063 12712 521899 42887 12021 5528 5746 6275
is_linear=0
shrinkage=0.1


Tree=4
num_leaves=31
num_cat=0
split_feature=5 0 0 0 1 4 4 0 0 2 1 1 4 1 1 4 2 1 2 4 2 1 2 0 4 1 3 1 2 2
split_gain=108735 38423.9 8620.7 4245.05 2201.41 1234.81 1050.94 880.146 772.905 711.844 579.189 478.046 474.838 344.903 328.162 295.23 281.226 235.994 235.177 205.894 205.575 180.826 96.9997 92.3153 230.519 77.6029 55.01 47.515 35.0202 16.1423
threshold=1.0000000180025095e-35 407.25000000000006 133.25000000000003 227.44999694824222 31.150000572204593 1.0000000180025095e-35 1.0000000180025095e-35 211.44999694824222 110.35000228881837 42.750000000000007 16.250000000000004 20.250000000000004 1.0000000180025095e-35 20.94999980926514 20.94999980926514 1.0000000180025095e-35 24.250000000000004 15.650000095367433 32.649999618530281 1.0000000180025095e-35 29.150000572204593 20.550000190734867 48.649999618530281 292.05000305175787 1.0000000180025095e-35 28.349999427795414 11.949999809265138 18.849999427795414 27.650000572204593 37.649999618530281
decision_type=2 2 2 2 2 2 2 2 2 2 2 2 2 2 2 2 2 2 2 2 2 2 2 2 2 2 2 2 2 2
left_child=2 3 6 8 15 9 10 12 14 -6 16 19 21 -10 -2 17 -1 -3 -12 -5 -13 -4 -7 24 -9 26 -8 -14 -17 -27
right_child=1 4 7 11 5 22 25 23 13 -11 18 20 27 -15 -16 28 -18 -19 -20 -21 -22 -23 -24 -25 -26 29 -28 -29 -30 -31
leaf_value=0.019702107009037552 0.14964987951719047 0.059540107650480824 -0.010692627706700717 0.09222352153214658 0.038719406532090994 0.06985468263904597 0.048680234950200685 -0.024269764766197088 0.1265048813302859 0.013121178244773513 0.0011903961455122973 0.084490488314319948 0.021629091498080781 0.10339689305749469 0.12664166234933608 0.10157244924287784 0.0038390856489966861 0.039556796922318033 -0.014281966051020421 0.12561972989715392 0.062899747248526122 -0.023217107374010035 0.045576603489904582 -0.026335671387326832 -0.0031235013792892661 0.02601214173514519 0.032815868492578171 0.0037448593570958027 0.075927865542502873 0.0083313656786753627
leaf_weight=22069 16942 10869 28194 15428 12506 1927 4385 45246 16059 82708 25694 8236 3443 10805 9776 687 22642 12952 15905 2097 9493 19501 11272 473607 5818 1648 4358 2613 2368 752
leaf_count=22069 16942 10869 28194 15428 12506 1927 4385 45246 16059 82708 25694 8236 3443 10805 9776 687 22642 12952 15905 2097 9493 19501 11272 473607 5818 1648 4358 2613 2368 752
internal_value=-3.33275e-12 0.0603603 -0.0200159 0.111457 0.0268082 0.020457 0.00749868 -0.0246516 0.129188 0.0164834 0.00376737 0.0845073 -0.0124643 0.117211 0.141231 0.0524281 0.0116689 0.0486747 -0.00472532 0.0962196 0.0729297 -0.0158135 0.0491211 -0.0259001 -0.0218605 0.0364002 0.0407725 0.0139125 0.0816947 0.0204722
internal_weight=900000 224125 675875 88836 135289 108413 97453 578422 53582 95214 86310 35254 53751 26864 26718 26876 44711 23821 41599 17525 17729 47695 13199 524671 51064 11143 8743 6056 3055 2400
internal_count=900000 224125 675875 88836 135289 108413 97453 578422 53582 95214 86310 35254 53751 26864 26718 26876 44711 23821 41599 17525 17729 47695 13199 524671 51064 11143 8743 6056 3055 2400
is_linear=0
shrinkage=0.1


Tree=5
num_leaves=31
num_cat=0
split_feature=5 0 0 1 0 4 4 0 0 2 1 1 4 4 1 3 4 4 2 2 0 4 2 0 4 0 2 1 2 2
split_gain=88075.2 31304.9 7003.14 2859.54 2087.81 949.804 829.296 760.372 658.293 658.006 464.929 456.503 403.526 393.538 322.87 289.679 267.191 219.158 211.348 168.349 163.141 144.034 96.9317 84.0229 184.357 67.0546 45.3566 45.1667 42.3771 23.0085
threshold=1.0000000180025095e-35 343.15000915527349 129.44999694824222 40.049999237060554 148.65000152587893 1.0000000180025095e-35 1.0000000180025095e-35 207.44999694824222 471.25000000000006 40.149999618530281 19.550000190734867 18.050000190734867 1.0000000180025095e-35 1.0000000180025095e-35 25.94999980926514 13.750000000000002 1.0000000180025095e-35 1.0000000180025095e-35 26.150000572204593 25.650000572204593 54.45000076293946 1.0000000180025095e-35 39.649999618530281 278.75000000000006 1.0000000180025095e-35 47.049999237060554 30.650000572204593 17.150000572204593 27.650000572204593 23.750000000000004
decision_type=2 2 2 2 2 2 2 2 2 2 2 2 2 2 2 2 2 2 2 2 2 2 2 2 2 2 2 2 2 2
left_child=2 4 6 8 12 9 10 13 21 -5 15 18 14 19 -2 -1 -10 -13 -6 -4 -12 -3 -7 24 -9 29 -15 -14 -27 -8
right_child=1 3 7 5 11 22 25 23 16 -11 20 17 27 26 -16 -17 -18 -19 -20 -21 -22 -23 -24 -25 -26 28 -28 -29 -30 -31
leaf_value=0.0163854573178942 0.12600381289405227 0.060675667103883328 -0.0078221907489570194 0.036758254974480487 0.11197681008328333 0.067674488256806914 0.051600276334323292 -0.021469459401521274 0.035606929472337866 0.0109349331978058 0.0029347114789057553 0.076693119665315751 0.16227531905331752 0.020975510921993831 0.1033196346908601 0.0010041581820229495 0.065482761654578628 0.10938747831326281 0.09164720916431103 -0.019682602422409021 -0.011186960444185575 0.090199706874807786 0.040518343450997238 -0.023668177458491844 -0.0015348920305739353 0.034694026668223139 0.0034460588731442528 0.14132317252405097 0.018961473119729729 0.036384513205549501
leaf_weight=29137 22855 14495 23609 11309 9699 1495 1870 40287 26120 77411 14077 18683 2301 3384 8649 21119 3381 2303 10817 24271 19531 1865 10881 481743 5243 3601 2618 1861 3264 2121
leaf_count=29137 22855 14495 23609 11309 9699 1495 1870 40287 26120 77411 14077 18683 2301 3384 8649 21119 3381 2303 10817 24271 19531 1865 10881 481743 5243 3601 2618 1861 3264 2121
internal_value=4.4514e-10 0.0543242 -0.0180143 0.027242 0.105899 0.0178468 0.0071995 -0.0221238 0.0479529 0.0142266 0.00383298 0.0906508 0.123642 -0.0108086 0.119776 0.0099218 0.0390309 0.080281 0.101258 -0.0138344 -0.00527198 0.0640413 0.0437988 -0.0232801 -0.0191739 0.0332063 0.0133294 0.152907 0.0272139 0.0435139
internal_weight=900000 224125 675875 146957 77168 101096 94720 581155 45861 88720 83864 41502 35666 53882 31504 50256 29501 20986 20516 47880 33608 16360 12376 527273 45530 10856 6002 4162 6865 3991
internal_count=900000 224125 675875 146957 77168 101096 94720 581155 45861 88720 83864 41502 35666 53882 31504 50256 29501 20986 20516 47880 33608 16360 12376 527273 45530 10856 6002 4162 6865 3991
is_linear=0
shrinkage=0.1


Tree=6
num_leaves=31
num_cat=0
split_feature=5 0 0 0 0 4 0 3 4 2 0 4 1 4 1 4 1 1 1 4 2 2 3 0 4 1 1 2 3 2
split_gain=71340.9 25396.4 5698.18 2552.3 1553.01 844.266 749.288 677.053 612.027 396.211 395.705 347.659 340.179 313.469 261.152 237.904 185.294 184.511 181.71 159.781 152.608 123.589 93.7903 84.8524 172.513 56.916 40.978 39.376 30.7094 22.7624
threshold=1.0000000180025095e-35 333.75000000000006 117.75000000000001 540.95001220703136 140.94999694824222 1.0000000180025095e-35 199.15000152587893 22.250000000000004 1.0000000180025095e-35 23.750000000000004 248.34999847412112 1.0000000180025095e-35 21.750000000000004 1.0000000180025095e-35 16.250000000000004 1.0000000180025095e-35 33.549999237060554 12.650000095367433 12.050000190734865 1.0000000180025095e-35 28.150000572204593 27.650000572204593 24.849999427795414 274.34999084472662 1.0000000180025095e-35 17.44999980926514 14.449999809265138 20.750000000000004 16.849999427795414 24.250000000000004
decision_type=2 2 2 2 2 2 2 2 2 2 2 2 2 2 2 2 2 2 2 2 2 2 2 2 2 2 2 2 2 2
left_child=2 4 8 12 13 7 11 -5 9 16 15 18 21 14 -2 -6 -1 -11 -4 -12 -14 -3 -7 24 -8 28 -13 -15 -10 -27
right_child=1 3 6 5 10 22 23 -9 25 17 19 26 20 27 -16 -17 -18 -19 -20 -21 -22 -23 -24 -25 -26 29 -28 -29 -30 -31
leaf_value=0.01525580511874329 0.11765399514822823 0.071525709366464782 -0.0039106080542118506 0.023116240990774559 0.087899563416335966 0.048747689919153361 -0.01904912750618263 0.0066390873954003523 0.043007256585162829 0.0059141073279901186 0.068151602677608669 0.022204290673582192 0.052044540401618489 0.14996356340179667 0.0989663909110369 0.11909906613256208 -0.0047396690235158032 -0.0078661514610429244 -0.016278935931117622 0.098198800705016021 0.033709180385277371 0.052807515119190677 0.032217054749993562 -0.021290134138021031 -0.00032848366940676555 0.03023590761125702 0.0059852771672899022 0.12981666113174356 0.027337289030702289 0.015693985080056299
leaf_weight=31035 15382 5720 19212 47520 21469 7218 42928 52477 3732 16625 15257 2870 6937 1710 14553 2758 5448 23382 31118 2002 13134 9202 6544 484353 5560 2021 3407 2242 1881 2303
leaf_count=31035 15382 5720 19212 47520 21469 7218 42928 52477 3732 16625 15257 2870 6937 1710 14553 2758 5448 23382 31118 2002 13134 9202 6544 484353 5560 2021 3407 2242 1881 2303
internal_value=2.00806e-10 0.0488918 -0.0162129 0.0249301 0.0961813 0.0176652 -0.0197288 0.0144693 0.00776624 0.00473314 0.0832082 -0.00879009 0.0485477 0.112064 0.108569 0.0914513 0.0122699 -0.00213973 -0.0115577 0.071637 0.0400463 0.0599827 0.0408872 -0.0208909 -0.0169025 0.0311135 0.013401 0.138534 0.037756 0.0224908
internal_weight=900000 224125 675875 148752 75373 113759 589448 99997 86427 76490 41486 56607 34993 33887 29935 24227 36483 40007 50330 17259 20071 14922 13762 532841 48488 9937 6277 3952 5613 4324
internal_count=900000 224125 675875 148752 75373 113759 589448 99997 86427 76490 41486 56607 34993 33887 29935 24227 36483 40007 50330 17259 20071 14922 13762 532841 48488 9937 6277 3952 5613 4324
is_linear=0
shrinkage=0.1


Tree=7
num_leaves=31
num_cat=0
split_feature=5 0 0 0 1 0 4 0 3 4 2 2 1 4 3 0 4 2 4 3 4 4 2 3 1 2 4 1 4 0
split_gain=57786.1 20683.7 4636.86 2455.29 1239.5 724.423 699.469 541.653 487.574 472.126 323.316 307.343 280.671 231.658 178.532 166.943 201.184 151.983 150.27 140.431 111.031 85.274 75.7587 73.4331 54.4531 49.5823 48.33 21.4925 19.2242 108.774
threshold=1.0000000180025095e-35 417.05000305175787 171.84999847412112 239.94999694824222 25.550000190734867 54.45000076293946 1.0000000180025095e-35 72.450000762939467 12.150000095367433 1.0000000180025095e-35 29.150000572204593 34.149999618530281 24.750000000000004 1.0000000180025095e-35 12.550000190734865 256.94999694824224 1.0000000180025095e-35 26.150000572204593 1.0000000180025095e-35 15.650000095367433 1.0000000180025095e-35 1.0000000180025095e-35 20.250000000000004 13.050000190734865 33.549999237060554 30.150000572204593 1.0000000180025095e-35 25.550000190734867 1.0000000180025095e-35 371.75000000000006
decision_type=2 2 2 2 2 2 2 2 2 2 2 2 2 2 2 2 2 2 2 2 2 2 2 2 2 2 2 2 2 2
left_child=2 3 5 7 19 13 8 17 -6 11 -9 -7 18 14 -1 16 22 -2 -5 21 -14 -3 -4 -8 -11 -18 -21 -15 -17 -30
right_child=1 4 15 12 6 9 23 10 -10 24 -12 -13 20 27 -16 28 25 -19 -20 26 -22 -23 -24 -25 -26 -27 -28 -29 29 -31
leaf_value=0.017754059269784562 0.11687370591264407 0.045583035139634971 -0.010619189844041603 0.064355437261289922 0.023609981645065014 -0.00027929604142342161 0.047532286198658374 0.095263080309390957 0.0078049572779151886 0.021826341490852517 0.076842874833230712 -0.013648406067269728 0.04603257048831063 0.03897533765532557 0.0035737045299035607 -0.019340808000321161 0.011372456554618658 0.098328922757415782 0.091609094661238788 0.028526179591479378 0.073645827218853918 0.071815721494530749 -0.018608317105862502 0.031411536786965413 0.00098986304201181471 -0.0061782073262516947 0.053511296726687509 0.023339084691594375 -0.0062053125163965828 -0.019064373548574355
leaf_weight=19069 9435 10907 19347 17476 26627 47612 3963 21449 73115 8012 17146 26917 12805 3430 16614 436186 3464 8313 2288 6841 1643 1398 30711 9846 1487 3007 873 1182 7546 51291
leaf_count=19069 9435 10907 19347 17476 26627 47612 3963 21449 73115 8012 17146 26917 12805 3430 16614 436186 3464 8313 2288 6841 1643 1398 30711 9846 1487 3007 873 1182 7546 51291
internal_value=-2.15076e-10 0.0440026 -0.0145916 0.0808976 0.0189893 0.00285442 0.0149446 0.0937287 0.0120242 -0.00243166 0.0870798 -0.0051077 0.0597663 0.0138776 0.0111517 -0.018524 -0.0133757 0.108188 0.0675105 0.0419319 0.0491727 0.0485634 -0.0155206 0.036038 0.0185645 0.00321686 0.0313538 0.034968 -0.0191119 -0.0174152
internal_weight=900000 224125 675875 90555 133570 124323 113551 56343 99742 84028 38595 74529 34212 40295 35683 551552 56529 17748 19764 20019 14448 12305 50058 13809 9499 6471 7714 4612 495023 58837
internal_count=900000 224125 675875 90555 133570 124323 113551 56343 99742 84028 38595 74529 34212 40295 35683 551552 56529 17748 19764 20019 14448 12305 50058 13809 9499 6471 7714 4612 495023 58837
is_linear=0
shrinkage=0.1


Tree=8
num_leaves=31
num_cat=0
split_feature=5 0 0 1 0 4 0 2 2 4 1 1 3 4 1 2 1 4 3 4 2 2 3 2 2 2 1 4 1 3
split_gain=46806.8 16784.7 3805.43 1850 999.382 506.555 477.749 474.151 420.537 401.533 359.542 328.053 282.532 271.278 244.588 239.365 192.567 184.944 168.991 93.8214 90.8862 68.4533 59.3341 53.6131 49.12 44.5366 40.7252 97.8561 29.0198 15.6796
threshold=1.0000000180025095e-35 328.75000000000006 117.75000000000001 42.049999237060554 133.25000000000003 1.0000000180025095e-35 219.34999847412112 37.149999618530281 35.149999618530281 1.0000000180025095e-35 30.750000000000004 29.150000572204593 15.650000095367433 1.0000000180025095e-35 27.550000190734867 24.250000000000004 15.650000095367433 1.0000000180025095e-35 12.34999990463257 1.0000000180025095e-35 33.149999618530281 48.649999618530281 10.550000190734865 29.650000572204593 22.750000000000004 34.149999618530281 13.250000000000002 1.0000000180025095e-35 11.150000095367433 17.849999427795414
decision_type=2 2 2 2 2 2 2 2 2 2 2 2 2 2 2 2 2 2 2 2 2 2 2 2 2 2 2 2 2 2
left_child=2 4 9 7 14 8 13 19 -5 11 15 12 -1 18 17 -6 -9 -2 -4 -3 -12 -7 -13 -16 -15 28 27 -8 -11 -27
right_child=1 3 6 5 10 21 26 16 -10 25 20 22 -14 24 23 -17 -18 -19 -20 -21 -22 -23 -24 -25 -26 29 -28 -29 -30 -31
leaf_value=0.012695730567829133 0.093475606166274303 0.047184966214605883 -0.0056515975065167812 0.029427374791306513 0.083451079836723036 0.048966082944833608 -0.016145754887457123 0.040972718222188058 0.0072231307554117639 0.038900212033930265 0.060505322108130921 -0.0018981938815739513 -0.0016094727350167495 0.018294786283596303 0.08365899667142547 0.065913053788325016 0.024407523594012777 0.12043043535885928 -0.016112319065493947 0.071402227403217708 0.042040356454045649 0.028258320723580449 -0.013800919536786409 0.06695509540670444 0.002359784353846206 0.020993254231039055 -0.017399213482686773 -0.0043493567023062734 0.025030231984283696 0.0068045867479284124
leaf_weight=37927 21352 14574 33520 9588 14079 1891 61564 9840 77275 2460 6307 7772 21709 3393 4382 17400 24466 2890 28637 1797 4617 10245 9082 3422 4500 2431 449895 7939 3900 1146
leaf_count=37927 21352 14574 33520 9588 14079 1891 61564 9840 77275 2460 6307 7772 21709 3393 4382 17400 24466 2890 28637 1797 4617 10245 9082 3422 4500 2431 449895 7939 3900 1146
internal_value=-1.99681e-11 0.0396024 -0.0131324 0.020302 0.0784047 0.0123478 -0.0160057 0.0358409 0.00967405 0.00646353 0.0683325 0.00400677 0.00748828 -0.00825349 0.0917322 0.0737569 0.0291589 0.096689 -0.0104711 0.0498432 0.0527012 0.031485 -0.00831213 0.0763345 0.00920984 0.0253744 -0.0170512 -0.0147983 0.030395 0.0164475
internal_weight=900000 224125 675875 149676 74449 98999 589448 50677 86863 86427 42403 76490 59636 70050 32046 31479 34306 24242 62157 16371 10924 12136 16854 7804 7893 9937 519398 69503 6360 3577
internal_count=900000 224125 675875 149676 74449 98999 589448 50677 86863 86427 42403 76490 59636 70050 32046 31479 34306 24242 62157 16371 10924 12136 16854 7804 7893 9937 519398 69503 6360 3577
is_linear=0
shrinkage=0.1


Tree=9
num_leaves=31
num_cat=0
split_feature=5 0 0 0 1 0 1 4 2 2 3 1 1 4 4 3 4 1 1 4 1 4 4 3 1 4 0 4 3 3
split_gain=37913.5 13776.1 3102.41 1773.66 741.158 441.465 380.196 375.926 316.838 259.052 234.281 202.507 198.487 195.812 193.451 183.204 166.109 147.353 134.028 126.827 124.647 124.525 72.2266 66.102 56.5645 101.994 51.3054 35.5125 35.1643 23.2252
threshold=1.0000000180025095e-35 432.75000000000006 110.35000228881837 223.25000000000003 43.549999237060554 195.25000000000003 16.250000000000004 1.0000000180025095e-35 20.250000000000004 32.149999618530281 24.050000190734867 16.849999427795414 27.150000572204593 1.0000000180025095e-35 1.0000000180025095e-35 15.34999990463257 1.0000000180025095e-35 11.150000095367433 11.449999809265138 1.0000000180025095e-35 14.449999809265138 1.0000000180025095e-35 1.0000000180025095e-35 12.949999809265138 13.250000000000002 1.0000000180025095e-35 36.350000381469734 1.0000000180025095e-35 10.750000000000002 12.550000190734865
decision_type=2 2 2 2 2 2 2 2 2 2 2 2 2 2 2 2 2 2 2 2 2 2 2 2 2 2 2 2 2 2
left_child=2 3 8 6 11 12 14 10 18 20 -6 23 15 17 -2 -4 -8 -10 26 -11 -5 -13 -20 -3 25 -7 -1 -14 -9 -15
right_child=1 4 5 9 7 24 16 28 13 19 -12 21 27 29 -16 -17 -18 -19 22 -21 -22 -23 -24 -25 -26 -27 -28 -29 -30 -31
leaf_value=0.030689492519065765 0.082400594523972928 0.044260386379690507 0.0023820726490115293 0.067332247634771039 0.013194857381216292 -0.014017002481295379 0.065758001576350894 0.037870225430383285 0.0066567540661651966 0.038345450755372434 0.0024626192267207751 0.019120306777306993 -0.017154052992768998 0.02512973540698479 0.10869496511931163 -0.011142234787218644 0.091240402503443341 -0.0055815169344659655 0.0068028018762269207 0.063048025455579845 0.051201684216831016 0.040501507246185717 0.02601065041606267 0.029099042453565895 -0.01564528633697599 -0.0025065255896971677 0.017445738768953098 -0.0018063666883303385 0.02411121607378245 0.012302449309193761
leaf_weight=4394 23345 6435 27264 7638 38568 67211 23271 2338 15657 17752 43038 23159 14543 2859 3179 15833 2874 26473 17971 2354 12850 3087 2197 5199 459559 8694 8750 1682 9038 2788
leaf_count=4394 23345 6435 27264 7638 38568 67211 23271 2338 15657 17752 43038 23159 14543 2859 3179 15833 2874 26473 17971 2354 12850 3087 2197 5199 459559 8694 8750 1682 9038 2788
internal_value=-2.34521e-10 0.0356421 -0.0118192 0.0650098 0.0147123 -0.0143208 0.0771168 0.00990883 0.00652997 0.0493016 0.00753481 0.0265031 -0.00613566 0.00131047 0.0855521 -0.00258649 0.0685592 -0.00103334 0.0140159 0.0412376 0.0572152 0.0216351 0.00889521 0.0374851 -0.0152276 -0.0126986 0.0218731 -0.015563 0.026939 0.0187967
internal_weight=900000 224125 675875 93263 130862 594786 52669 92982 81089 40594 81606 37880 59322 47777 26524 43097 26145 42130 33312 20106 20488 26246 20168 11634 535464 75905 13144 16225 11376 5647
internal_count=900000 224125 675875 93263 130862 594786 52669 92982 81089 40594 81606 37880 59322 47777 26524 43097 26145 42130 33312 20106 20488 26246 20168 11634 535464 75905 13144 16225 11376 5647
is_linear=0
shrinkage=0.1


Tree=10
num_leaves=31
num_cat=0
split_feature=5 0 0 0 3 0 0 4 3 4 1 4 4 1 2 1 3 4 2 2 4 2 2 4 4 1 1 2 1 4
split_gain=30709.9 11158.6 2520.92 1463.29 627.777 408.629 378.753 314.56 279.086 259.556 210.384 200.623 172.835 172.801 163.753 158.617 149.226 129.411 113.175 111.498 105.324 102.61 49.4928 99.084 41.0692 37.1034 36.6113 23.177 18.6672 14.0553
threshold=1.0000000180025095e-35 432.75000000000006 106.54999923706056 256.94999694824224 12.150000095367433 65.149997711181655 199.15000152587893 1.0000000180025095e-35 11.550000190734865 1.0000000180025095e-35 21.750000000000004 1.0000000180025095e-35 1.0000000180025095e-35 23.550000190734867 20.250000000000004 36.049999237060554 12.550000190734865 1.0000000180025095e-35 37.149999618530281 34.649999618530281 1.0000000180025095e-35 24.750000000000004 24.250000000000004 1.0000000180025095e-35 1.0000000180025095e-35 43.049999237060554 32.750000000000007 33.149999618530281 11.449999809265138 1.0000000180025095e-35
decision_type=2 2 2 2 2 2 2 2 2 2 2 2 2 2 2 2 2 2 2 2 2 2 2 2 2 2 2 2 2 2
left_child=2 3 8 5 10 21 11 13 15 -7 24 14 16 -6 -4 19 -5 18 -10 -1 -12 -2 23 -8 -3 -9 -13 -14 -19 -17
right_child=1 4 6 12 7 9 22 25 17 -11 20 26 27 -15 -16 29 -18 28 -20 -21 -22 -23 -24 -25 -26 -27 -28 -29 -30 -31
leaf_value=0.018808748929127303 0.089408059957603883 0.035725012362987182 -0.0010767554425895871 0.045503345561785508 0.021278596896677188 0.060097596142125599 -0.012779577659048972 0.035792009608966092 0.0021715979626719542 0.084185050046495166 0.017959452957605964 0.01338904372253261 0.069416949004770481 0.0050926459327833157 -0.011962646127809069 -0.0056368291496616731 0.031191031666196169 0.023885692513571224 -0.010007916147750449 0.0065190889393982529 0.035804200727296613 0.073384670810856964 -0.014161298452845451 -0.0023544032798279648 0.058339443274706776 0.021545302160402346 -0.0053100338885479111 0.053911032375721972 0.010890514017654986 0.011296498565329377
leaf_weight=22576 8136 7129 23072 16298 7247 38890 80196 2309 23587 5055 27327 5943 1917 73406 34454 4719 13173 1832 11277 10969 3763 7855 442359 10286 905 8776 1271 1939 2787 547
leaf_count=22576 8136 7129 23072 16298 7247 38890 80196 2309 23587 5055 27327 5943 1917 73406 34454 4719 13173 1832 11277 10969 3763 7855 442359 10286 905 8776 1271 1939 2787 547
internal_value=1.05782e-10 0.0320779 -0.0106373 0.0585088 0.0132411 0.0678492 -0.0128479 0.00871789 0.00623529 0.0628684 0.023847 -0.0056253 0.0417109 0.00654702 -0.00759663 0.0122572 0.039106 0.0003159 -0.00176795 0.0147901 0.0201193 0.0815371 -0.0137254 -0.0115944 0.0382724 0.0245129 0.0100945 0.0616198 0.0160447 -0.0038779
internal_weight=900000 224125 675875 93263 130862 59936 597581 91738 78294 43945 39124 64740 33327 80653 57526 38811 29471 39483 34864 33545 31090 15991 532841 90482 8034 11085 7214 3856 4619 5266
internal_count=900000 224125 675875 93263 130862 59936 597581 91738 78294 43945 39124 64740 33327 80653 57526 38811 29471 39483 34864 33545 31090 15991 532841 90482 8034 11085 7214 3856 4619 5266
is_linear=0
shrinkage=0.1


Tree=11
num_leaves=31
num_cat=0
split_feature=5 0 0 0 0 0 2 1 4 1 1 3 3 2 3 1 4 2 4 3 1 1 0 2 3 3 0 4 2 2
split_gain=24875 9069.49 2047.48 1125.84 539.704 331.285 299.926 257.912 252.981 231.392 227.209 203.425 198.863 180.912 180.015 166.497 135.002 125.597 113.375 89.8117 82.711 75.2889 61.341 53.1755 35.2197 28.3383 24.0639 93.9277 16.3162 13.6569
threshold=1.0000000180025095e-35 319.55000305175787 102.35000228881837 689.85000610351574 129.44999694824222 227.44999694824222 25.650000572204593 34.45000076293946 1.0000000180025095e-35 33.149999618530281 11.150000095367433 17.849999427795414 15.34999990463257 23.750000000000004 25.250000000000004 19.849999427795414 1.0000000180025095e-35 29.650000572204593 1.0000000180025095e-35 11.949999809265138 33.149999618530281 14.150000095367433 39.850000381469734 35.149999618530281 11.750000000000002 24.650000572204593 333.75000000000006 1.0000000180025095e-35 16.650000572204593 31.650000572204593
decision_type=2 2 2 2 2 2 2 2 2 2 2 2 2 2 2 2 2 2 2 2 2 2 2 2 2 2 2 2 2 2
left_child=2 4 9 6 13 10 21 12 14 11 17 16 -6 20 -5 -8 -1 -4 -12 -15 -2 -3 -13 -9 28 -10 27 -7 -11 -26
right_child=1 3 5 8 7 26 15 23 25 24 18 22 -14 19 -16 -17 -18 -19 -20 -21 -22 -23 -24 -25 29 -27 -28 -29 -30 -31
leaf_value=0.010130776013656733 0.078887484498261912 0.047684610796626989 0.0068652563840351276 0.01124607193514689 0.060621418302047259 -0.012053074778114611 0.030678903540199032 0.041393101431488027 0.027564304960483565 0.0056726520259076478 -0.011189848361629895 0.0067201761500671892 0.044614565238827841 0.068247925827339309 0.0019043416762312888 0.016954910364220324 0.027405940423984226 -0.0060052833299732754 0.003131877963210582 0.053258933173021938 0.058535364423009689 0.03295030318367579 -0.0049113065451395132 0.025335849588042272 -0.0077786549078260646 0.017587743641623538 -0.01274546358024973 -8.2447601654129436e-05 -0.0050416446837666575 -0.017456723792179923
leaf_weight=39016 12769 4922 16974 38930 20276 57210 13026 5247 5235 2137 49646 7550 12575 7691 43877 27507 5117 13703 6220 8324 2367 11739 11350 3398 3205 6242 449425 7403 4244 2675
leaf_count=39016 12769 4922 16974 38930 20276 57210 13026 5247 5235 2137 49646 7550 12575 7691 43877 27507 5117 13703 6220 8324 2367 11739 11350 3398 3205 6242 449425 7403 4244 2675
internal_value=-1.71135e-10 0.0288701 -0.00957354 0.0149392 0.0579179 -0.0115224 0.0260081 0.0504499 0.0082246 0.00597114 -0.00579839 0.00841611 0.0544942 0.0678659 0.00629616 0.0213654 0.0121337 0.00111616 -0.0095953 0.0604572 0.0757048 0.0373031 -0.000264868 0.0350816 -0.00659829 0.0221383 -0.012486 -0.0106815 -0.00145342 -0.0121815
internal_weight=900000 224125 675875 151478 72647 600581 57194 41496 94284 75294 86543 63033 32851 31151 82807 40533 44133 30677 55866 16015 15136 16661 18900 8645 12261 11477 514038 64613 6381 5880
internal_count=900000 224125 675875 151478 72647 600581 57194 41496 94284 75294 86543 63033 32851 31151 82807 40533 44133 30677 55866 16015 15136 16661 18900 8645 12261 11477 514038 64613 6381 5880
is_linear=0
shrinkage=0.1


Tree=12
num_leaves=31
num_cat=0
split_feature=5 0 0 0 3 0 1 3 4 2 1 2 4 1 2 1 3 1 1 2 1 0 4 2 2 4 1 2 4 4
split_gain=20148.8 7415.64 1668.01 999.546 437.508 399.15 273.454 264.207 224.672 204.091 154.874 150.909 139.12 137.371 128.556 126.313 123.274 97.5551 59.6052 58.037 54.2216 75.2827 83.7077 50.0575 45.3789 42.9776 30.5227 13.0559 30.4758 11.5499
threshold=1.0000000180025095e-35 438.05000305175787 179.55000305175784 211.44999694824222 10.550000190734865 43.350000381469734 13.250000000000002 9.9499998092651385 1.0000000180025095e-35 19.349999427795414 32.350000381469734 34.149999618530281 1.0000000180025095e-35 45.049999237060554 18.44999980926514 35.250000000000007 15.449999809265138 16.550000190734867 13.84999990463257 24.250000000000004 9.6500000953674334 301.25000000000006 1.0000000180025095e-35 37.149999618530281 32.649999618530281 1.0000000180025095e-35 19.250000000000004 12.34999990463257 1.0000000180025095e-35 1.0000000180025095e-35
decision_type=2 2 2 2 2 2 2 2 2 2 2 2 2 2 2 2 2 2 2 2 2 2 2 2 2 2 2 2 2 2
left_child=2 3 5 6 15 17 16 10 13 18 -7 -8 -11 -6 -9 25 -2 23 -5 -17 21 22 -4 -1 -19 -3 -10 28 -22 -23
right_child=1 4 20 9 8 7 11 14 26 12 -12 -13 -14 -15 -16 19 -18 24 -20 -21 27 29 -24 -25 -26 -27 -28 -29 -30 -31
leaf_value=0.019956556231035337 0.071591291093831069 0.026364118247235658 -0.0057511336532693955 0.054858074768391864 0.012367388513275741 0.0071743463869060114 0.056142291405089452 0.0003121906433349308 0.039620068367324117 0.029247790266025919 -0.0081023380507078309 0.041095659298060361 0.050404596160171261 0.0029617847598930359 -0.0098402473729081522 0.027315756858157347 0.055879399117900033 0.0096606051706702532 0.041371957386200447 0.013448277514875262 -0.010618586542380928 -0.011568381243042523 0.013697493415235946 0.0081875831260335846 -0.0016645865448585804 0.045178662984442432 0.018736048447557704 -0.011535027247301101 -0.0017402839896485179 -0.0060360707402074276
leaf_weight=11960 13171 10609 19582 5157 20513 34762 18341 19351 748 26558 8202 10471 3520 63901 35088 3616 8043 9320 8991 18247 34580 32759 2495 5179 5703 1371 10868 448276 4353 4265
leaf_count=11960 13171 10609 19582 5157 20513 34762 18341 19351 748 26558 8202 10471 3520 63901 35088 3616 8043 9320 8991 18247 34580 32759 2495 5179 5703 1371 10868 448276 4353 4265
internal_value=-9.36593e-12 0.0259831 -0.00861619 0.0473353 0.0104873 0.00158479 0.0570181 -0.00160461 0.00704168 0.0363828 0.00425797 0.050674 0.0317238 0.00524739 -0.00623144 0.0202642 0.0656343 0.0112439 0.0462877 0.0157419 -0.0110355 -0.00817509 -0.00355318 0.0164003 0.00536136 0.0285173 0.0200809 -0.0113825 -0.00962593 -0.0109311
internal_weight=900000 224125 675875 94252 129873 129565 50026 97403 96030 44226 42964 28812 30078 84414 54439 33843 21214 32162 14148 21863 546310 59101 22077 17139 15023 11980 11616 487209 38933 37024
internal_count=900000 224125 675875 94252 129873 129565 50026 97403 96030 44226 42964 28812 30078 84414 54439 33843 21214 32162 14148 21863 546310 59101 22077 17139 15023 11980 11616 487209 38933 37024
is_linear=0
shrinkage=0.1


Tree=13
num_leaves=31
num_cat=0
split_feature=5 0 0 2 1 1 2 0 1 4 1 4 1 2 3 3 4 4 4 2 2 4 3 2 4 2 4 3 0 3
split_gain=16320.5 6035.19 1379.82 872.213 361.003 312.876 275.44 224.488 187.107 168.9 150.706 146.971 146.324 119.096 103.856 96.1281 91.5076 82.1746 65.9141 63.5467 62.7397 60.4708 60.0909 54.9056 40.4821 36.4895 57.1743 35.8198 20.2715 7.4282
threshold=1.0000000180025095e-35 305.65000915527349 98.549999237060561 45.45000076293946 32.350000381469734 46.049999237060554 35.149999618530281 191.15000152587893 9.0500001907348651 1.0000000180025095e-35 13.550000190734865 1.0000000180025095e-35 23.550000190734867 35.149999618530281 18.050000190734867 17.849999427795414 1.0000000180025095e-35 1.0000000180025095e-35 1.0000000180025095e-35 37.149999618530281 17.050000190734867 1.0000000180025095e-35 20.050000190734867 25.150000572204593 1.0000000180025095e-35 17.550000190734867 1.0000000180025095e-35 9.0500001907348651 57.95000076293946 11.949999809265138
decision_type=2 2 2 2 2 2 2 2 2 2 2 2 2 2 2 2 2 2 2 2 2 2 2 2 2 2 2 2 2 2
left_child=2 4 8 12 6 14 9 10 21 -2 15 -7 22 17 -5 -4 -8 -10 -12 24 -14 23 -3 -1 -6 26 -9 -15 -21 -23
right_child=1 3 7 5 19 11 16 25 13 -11 18 -13 20 27 -16 -17 -18 -19 -20 28 -22 29 -24 -25 -26 -27 -28 -29 -30 -31
leaf_value=0.016069510401041712 0.054177748839926945 0.03675165159642467 0.0055402009953634144 0.020320246484410318 0.036233297734973226 0.002972907018140996 0.039408508845101498 -0.0088573050500336016 0.0035780021625409215 0.075645820666048386 -0.0094251434366450868 0.01601579398463315 0.027649568207665828 0.0009842662927943128 0.0093765385422681456 -0.0073740942502008248 0.060341343841177265 0.019364844650040871 0.0040495760303140569 0.039404811755430064 0.016703587073121095 0.031968523652285412 0.021989358121349688 0.0055617772572829557 0.057392539705137892 -0.010303917632973898 0.00032923851264548252 -0.0085260855904495478 0.021853559662013286 0.021474017358994433
leaf_weight=10148 31629 11343 19786 21049 8350 70498 17302 59947 29319 4145 33065 9846 7997 6330 14747 8133 2375 3715 4078 779 15169 1388 3643 9751 1014 470686 7638 10579 4239 1312
leaf_count=10148 31629 11343 19786 21049 8350 70498 17302 59947 29319 4145 33065 9846 7997 6330 14747 8133 2375 3715 4078 779 15169 1388 3643 9751 1014 470686 7638 10579 4239 1312
internal_value=1.29305e-10 0.0233848 -0.00775457 0.0123451 0.0477765 0.00803575 0.0514381 -0.0093213 0.00527597 0.0566652 -0.00377307 0.00457129 0.0254632 0.00185966 0.0158117 0.00177818 0.0419351 0.00535339 -0.00794573 0.0336586 0.0204822 0.0128259 0.033163 0.0109205 0.0385246 -0.00999193 -0.0078191 -0.00496582 0.0245782 0.026869
internal_weight=900000 224125 675875 154292 69833 116140 55451 603333 72542 35774 65062 80344 38152 49943 35796 27919 19677 33034 37143 14382 23166 22599 14986 19899 9364 538271 67585 16909 5018 2700
internal_count=900000 224125 675875 154292 69833 116140 55451 603333 72542 35774 65062 80344 38152 49943 35796 27919 19677 33034 37143 14382 23166 22599 14986 19899 9364 538271 67585 16909 5018 2700
is_linear=0
shrinkage=0.1


Tree=14
num_leaves=31
num_cat=0
split_feature=5 0 0 0 3 3 0 4 3 3 1 2 1 4 1 1 4 1 1 2 4 1 0 4 4 0 2 0 4 1
split_gain=13219.6 4949.97 1117.66 758.648 287.701 208.772 186.145 183.983 183.934 163.221 147.808 144.599 134.45 112.616 97.077 93.0002 89.5422 85.2887 84.5567 65.0975 60.5296 49.3596 37.7945 34.6906 34.5559 23.9151 18.9906 11.8942 62.8726 9.00048
threshold=1.0000000180025095e-35 454.75000000000006 98.549999237060561 175.75000000000003 23.44999980926514 12.150000095367433 235.94999694824222 1.0000000180025095e-35 10.34999990463257 8.4499998092651385 21.349999427795414 16.650000572204593 17.750000000000004 1.0000000180025095e-35 20.94999980926514 11.150000095367433 1.0000000180025095e-35 37.350000381469734 14.150000095367433 18.44999980926514 1.0000000180025095e-35 34.049999237060554 39.850000381469734 1.0000000180025095e-35 1.0000000180025095e-35 32.750000000000007 22.250000000000004 348.05000305175787 1.0000000180025095e-35 44.549999237060554
decision_type=2 2 2 2 2 2 2 2 2 2 2 2 2 2 2 2 2 2 2 2 2 2 2 2 2 2 2 2 2 2
left_child=2 3 9 8 10 12 7 11 17 19 23 -4 -5 -12 20 -10 26 -2 -7 25 -11 -9 -21 -3 -16 -1 -6 28 -8 -18
right_child=1 4 6 5 16 18 27 21 15 14 13 -13 -14 -15 24 -17 29 -19 -20 22 -22 -23 -24 -25 -26 -27 -28 -29 -30 -31
leaf_value=0.023574529559949851 0.058429933628855062 0.021218021445211441 -5.1580437659988346e-06 0.043898961670641765 0.015187702610999158 0.031133062297559896 -0.0090075451832804399 0.011134100345491817 0.050677924164400368 0.0029590486906142326 0.008816620308084798 -0.0088130616427954979 0.030250996613551514 0.02239792537590889 -0.006504179009992549 0.037631285497598504 0.021683612047050424 0.03845940752324354 0.019272624072267545 0.012804350815623408 0.017192070693496073 -0.0068869073557762915 0.0030227333458232196 0.039353808737969551 0.0077868048529857129 0.013576186174855683 0.0012380038329582606 -0.0093360957318539411 0.00059971918316564527 0.011907035989935302
leaf_weight=3629 15811 9660 27893 12600 995 9642 59528 8851 8580 25084 50294 56180 16899 6949 15069 15043 1115 2473 15962 6597 3392 1835 9845 1184 1906 7020 50861 441354 7692 6057
leaf_count=3629 15811 9660 27893 12600 995 9642 59528 8851 8580 25084 50294 56180 16899 6949 15069 15043 1115 2473 15962 6597 3392 1835 9845 1184 1906 7020 50861 441354 7692 6057
internal_value=7.41629e-11 0.0210463 -0.00697911 0.038058 0.00806359 0.030346 -0.00838917 -0.00431992 0.0481984 0.00474837 0.0124932 -0.00589085 0.0360805 0.0104653 0.00108623 0.0423699 0.00295412 0.0557288 0.023739 0.0108924 0.00465446 0.00803953 0.0069474 0.0231982 -0.00489955 0.0169835 0.00150567 -0.00914736 -0.00790818 0.013427
internal_weight=900000 224125 675875 97010 127115 55103 603333 94759 41907 72542 68087 84073 29499 57243 45451 23623 59028 18284 25604 27091 28476 10686 16442 10844 16975 10649 51856 508574 67220 7172
internal_count=900000 224125 675875 97010 127115 55103 603333 94759 41907 72542 68087 84073 29499 57243 45451 23623 59028 18284 25604 27091 28476 10686 16442 10844 16975 10649 51856 508574 67220 7172
is_linear=0
shrinkage=0.1


Tree=15
num_leaves=31
num_cat=0
split_feature=5 0 0 2 0 2 0 1 2 1 4 2 1 4 4 4 4 1 4 3 3 1 1 4 3 3 4 4 3 3
split_gain=10707.9 4035.29 912.865 620.496 303.164 213.845 213.433 203.897 155.828 133.898 122.127 120.206 108.119 94.4649 84.4028 84.3293 77.9875 73.6321 61.3338 52.8917 51.8136 38.3366 35.5279 66.4088 35.4197 30.4482 28.4857 21.0797 6.74858 4.6263
threshold=1.0000000180025095e-35 301.25000000000006 75.950000762939467 47.049999237060554 57.95000076293946 21.250000000000004 183.44999694824222 47.049999237060554 39.149999618530281 32.750000000000007 1.0000000180025095e-35 15.750000000000002 12.050000190734865 1.0000000180025095e-35 1.0000000180025095e-35 1.0000000180025095e-35 1.0000000180025095e-35 8.1500000953674334 1.0000000180025095e-35 20.650000572204593 13.34999990463257 36.049999237060554 17.44999980926514 1.0000000180025095e-35 20.650000572204593 11.550000190734865 1.0000000180025095e-35 1.0000000180025095e-35 13.949999809265138 16.44999980926514
decision_type=2 2 2 2 2 2 2 2 2 2 2 2 2 2 2 2 2 2 2 2 2 2 2 2 2 2 2 2 2 2
left_child=2 4 11 12 18 14 8 15 9 -4 -7 21 26 -9 -6 -5 -14 27 20 -19 -2 24 23 -8 -1 -10 -3 -13 -20 -23
right_child=1 3 6 7 5 10 22 13 25 -11 -12 17 16 -15 -16 -17 -18 19 28 -21 -22 29 -24 -25 -26 -27 -28 -29 -30 -31
leaf_value=0.016757925977711099 0.055555437093344817 0.028538454010935105 0.0028500795116771591 0.010695264961115482 0.040952728041069295 0.028185722393098953 -0.0073293134495315358 0.0021041121643041302 -0.0054936211130820999 -0.010096780322629005 0.047342519995137056 0.0081384445609217534 0.016161763173256776 0.012675194601438426 0.06024774750484211 0.025623983781230836 0.031673710319286556 0.0023322871757865552 0.075825158050998667 -0.0082928974699140248 0.042688459299021278 0.0025120937303069785 -0.0084723519646238438 0.0005986404147989066 0.0051865121175412735 -0.01286928245822188 0.046762116729388008 0.021655659696961288 0.062828666454946475 -0.0086780434251914791
leaf_weight=12603 6876 7717 43941 31904 20056 28319 91101 69085 10515 9763 3771 9304 27906 9632 2556 4293 3667 21403 938 5998 5744 1627 440558 11952 3348 11967 965 1317 696 478
leaf_count=12603 6876 7717 43941 31904 20056 28319 91101 69085 10515 9763 3771 9304 27906 9632 2556 4293 3667 21403 938 5998 5744 1627 440558 11952 3348 11967 965 1317 696 478
internal_value=1.06019e-10 0.0189417 -0.0062812 0.00999678 0.0390701 0.0356854 -0.00738666 0.00625403 -0.00242973 0.000496434 0.0304369 0.00593676 0.020681 0.00339762 0.0431338 0.0124658 0.0179634 0.00274625 0.0520594 6.46485e-06 0.049699 0.0126553 -0.00808136 -0.00640984 0.0143292 -0.00941963 0.030564 0.00981457 0.0702893 -2.89445e-05
internal_weight=900000 224125 675875 155169 68956 54702 619797 114914 76186 53704 32090 56078 40255 78717 22612 36197 31573 38022 14254 27401 12620 18056 543611 103053 15951 22482 8682 10621 1634 2105
internal_count=900000 224125 675875 155169 68956 54702 619797 114914 76186 53704 32090 56078 40255 78717 22612 36197 31573 38022 14254 27401 12620 18056 543611 103053 15951 22482 8682 10621 1634 2105
is_linear=0
shrinkage=0.1


Tree=16
num_leaves=31
num_cat=0
split_feature=5 0 0 0 3 1 0 3 3 3 4 1 1 3 2 2 1 4 4 4 1 4 1 0 1 3 1 2 4 3
split_gain=8673.39 3314.43 743.508 519.783 219.537 218.319 180.284 162.817 152.811 110.498 109.286 102.629 99.6756 80.1402 71.0242 68.9393 57.4954 57.323 54.1317 46.5309 43.8387 31.9051 30.643 50.2534 23.7717 19.1425 17.6804 15.1543 8.88656 8.00239
threshold=1.0000000180025095e-35 460.05000305175787 72.450000762939467 261.15000915527349 8.0500001907348651 23.94999980926514 183.44999694824222 16.44999980926514 12.150000095367433 8.8499999046325701 1.0000000180025095e-35 35.649999618530281 27.550000190734867 20.650000572204593 28.650000572204593 17.550000190734867 9.3499999046325701 1.0000000180025095e-35 1.0000000180025095e-35 1.0000000180025095e-35 12.650000095367433 1.0000000180025095e-35 9.6500000953674334 310.25000000000006 41.549999237060554 17.849999427795414 46.549999237060554 42.750000000000007 1.0000000180025095e-35 15.84999990463257
decision_type=2 2 2 2 2 2 2 2 2 2 2 2 2 2 2 2 2 2 2 2 2 2 2 2 2 2 2 2 2 2
left_child=2 3 12 5 20 7 8 -2 11 19 14 -4 13 17 -6 -7 -10 -1 -11 -5 28 -22 23 -8 25 -14 -12 -15 -3 -26
right_child=1 4 6 9 10 15 22 -9 16 18 26 -13 24 27 -16 -17 -18 -19 -20 -21 21 -23 -24 -25 29 -27 -28 -29 -30 -31
leaf_value=0.0089139082350265901 0.045390717886475813 0.024189143840772847 0.0041756420982841727 0.026053416728923636 0.013942386702105873 0.036109487505142118 -0.0014280314280115966 0.032146285171476323 -0.00091764126799587687 0.015175440289916159 0.019658898684046515 -0.0093068839784453804 0.0042372181485448319 0.0021438199389625496 0.0023338492587199216 0.023765085717935754 -0.009449094214568788 0.022147420777884695 0.030862450500401335 0.04329640498724318 0.01181618579080547 0.023645291157124854 -0.0075333730006787603 -0.0074509507107545728 -0.0054321984795929939 -0.0061766762072999436 0.010922462012503022 -0.0073360428427035485 0.041446430908018514 -0.015131505653611474
leaf_weight=27861 26477 2666 34966 13455 5625 6891 22683 14292 11409 19343 3097 6733 5876 6831 83628 13171 25678 3709 2482 1771 19111 2589 485340 35588 3292 2523 9191 2239 336 1147
leaf_count=27861 26477 2666 34966 13455 5625 6891 22683 14292 11409 19343 3097 6733 5876 6831 83628 13171 25678 3709 2482 1771 19111 2589 485340 35588 3292 2523 9191 2239 336 1147
internal_value=8.63279e-11 0.0170475 -0.00565308 0.0308581 0.00633955 0.0365453 -0.0066253 0.0407477 -0.00215471 0.0215208 0.00428273 0.00199866 0.00566195 0.00808844 0.00306546 0.0280052 -0.00682458 0.0104686 0.0169594 0.028059 0.0147944 0.0132275 -0.00727322 -0.00510642 -0.00201936 0.00110896 0.0131243 -0.000196358 0.0261207 -0.00793842
internal_weight=900000 224125 675875 97882 126243 60831 622397 40769 78786 37051 101541 41699 53478 40640 89253 20062 37087 31570 21825 15226 24702 21700 543611 58271 12838 8399 12288 9070 3002 4439
internal_count=900000 224125 675875 97882 126243 60831 622397 40769 78786 37051 101541 41699 53478 40640 89253 20062 37087 31570 21825 15226 24702 21700 543611 58271 12838 8399 12288 9070 3002 4439
is_linear=0
shrinkage=0.1


Tree=17
num_leaves=31
num_cat=0
split_feature=5 0 0 0 3 2 0 1 2 2 2 1 0 2 4 4 4 1 0 4 1 1 0 4 4 1 0 1 3 3
split_gain=7025.44 2686.03 604.918 452.367 175.802 169.358 178.918 157.995 151.032 140.74 98.7287 90.358 85.333 83.9651 68.8403 61.1278 55.7318 45.7688 45.7338 39.8236 25.9716 19.9102 36.1932 16.8724 16.6961 15.5422 11.0817 8.52043 7.91207 5.63603
threshold=1.0000000180025095e-35 465.75000000000006 65.149997711181655 175.75000000000003 26.44999980926514 25.650000572204593 265.25000000000006 22.849999427795414 22.750000000000004 17.050000190734867 24.750000000000004 13.250000000000002 39.850000381469734 14.34999990463257 1.0000000180025095e-35 1.0000000180025095e-35 1.0000000180025095e-35 32.750000000000007 47.049999237060554 1.0000000180025095e-35 7.2500000000000009 7.2500000000000009 183.44999694824222 1.0000000180025095e-35 1.0000000180025095e-35 10.84999990463257 287.65000915527349 9.3499999046325701 6.7500000000000009 6.7500000000000009
decision_type=2 2 2 2 2 2 2 2 2 2 2 2 2 2 2 2 2 2 2 2 2 2 2 2 2 2 2 2 2 2
left_child=2 3 13 9 10 6 7 -4 15 18 25 -10 -11 20 -12 -5 17 -15 -2 27 29 22 -7 -22 -8 -3 -23 -6 -18 -1
right_child=1 4 5 8 19 21 24 -9 11 12 14 -13 -14 16 -16 -17 28 -19 -20 -21 23 26 -24 -25 -26 -27 -28 -29 -30 -31
leaf_value=0.024735427051458328 0.052231958964644255 0.028971791384914604 0.0044405369678725019 0.026598829710848971 0.011471953500066545 0.00048177341038642125 -0.0067834039411403943 -0.0056304296107616029 0.025077261865553969 0.041477347396449822 0.0062032446583895678 0.014333484599876442 0.028179912959085968 0.0033470746504760439 0.016161438302185981 0.0434945579086293 0.021240023758147774 -0.0069188406770159961 0.039902712485116953 0.0086056680199345838 0.0082035763642570366 -0.0082653623674600434 -0.0064901223879195481 0.021077133223641756 -0.0020854379115378681 0.016985909596725142 -0.00679961036769864 -8.7238256385498221e-05 0.011346864636392713 0.01653822315208919
leaf_weight=1269 4193 1265 43504 18958 647 10212 66666 24267 11662 6286 57560 23811 20777 24773 7894 2414 1138 5266 10651 6238 9315 59500 27491 1143 8533 7473 387533 44296 2791 2474
leaf_count=1269 4193 1265 43504 18958 647 10212 66666 24267 11662 6286 57560 23811 20777 24773 7894 2414 1138 5266 10651 6238 9315 59500 27491 1143 8533 7473 387533 44296 2791 2474
internal_value=3.77636e-11 0.0153428 -0.00508777 0.0276778 0.00562691 -0.00591652 -0.00289201 0.000834391 0.0218665 0.0355605 0.00873709 0.0178656 0.0312685 0.00571187 0.00740424 0.0285072 0.00301233 0.0015474 0.0433854 0.00111839 0.012169 -0.00680858 -0.00460176 0.00961058 -0.00625032 0.0187211 -0.0069947 7.9168e-05 0.0142123 0.0193173
internal_weight=900000 224125 675875 98752 125373 627706 142970 67771 56845 41907 74192 35473 27063 48169 65454 21372 33968 30039 14844 51181 14201 484736 37703 10458 75199 8738 447033 44943 3929 3743
internal_count=900000 224125 675875 98752 125373 627706 142970 67771 56845 41907 74192 35473 27063 48169 65454 21372 33968 30039 14844 51181 14201 484736 37703 10458 75199 8738 447033 44943 3929 3743
is_linear=0
shrinkage=0.1


Tree=18
num_leaves=31
num_cat=0
split_feature=5 0 0 1 1 3 3 2 0 4 4 2 2 2 4 0 3 1 3 1 1 0 1 4 4 1 4 4 0 4
split_gain=5690.61 2196.4 492.78 394.204 200.363 186.68 146.884 144.398 148.37 125.554 99.0317 91.4064 83.9272 70.2195 62.7035 59.7532 48.52 33.9205 31.8072 30.3481 25.3538 39.3072 19.1224 16.31 16.2121 15.9466 15.2933 14.5805 9.64845 9.51028
threshold=1.0000000180025095e-35 287.65000915527349 61.45000076293946 42.049999237060554 35.649999618530281 15.449999809265138 16.650000572204593 21.750000000000004 252.44999694824222 1.0000000180025095e-35 1.0000000180025095e-35 28.650000572204593 17.050000190734867 37.649999618530281 1.0000000180025095e-35 54.45000076293946 7.1499998569488534 11.150000095367433 10.150000095367433 9.9499998092651385 7.2500000000000009 207.44999694824222 13.550000190734865 1.0000000180025095e-35 1.0000000180025095e-35 36.850000381469734 1.0000000180025095e-35 1.0000000180025095e-35 22.150000572204593 1.0000000180025095e-35
decision_type=2 2 2 2 2 2 2 2 2 2 2 2 2 2 2 2 2 2 2 2 2 2 2 2 2 2 2 2 2 2
left_child=2 4 13 6 5 10 12 8 9 -4 -2 26 -3 16 -13 -7 25 -18 27 -8 21 -9 28 -10 -20 -1 -5 -6 -15 -24
right_child=1 3 7 11 18 15 19 20 23 -11 -12 14 -14 22 -16 -17 17 -19 24 -21 -22 -23 29 -25 -26 -27 -28 -29 -30 -31
leaf_value=0.014976988890165127 0.034122044844604925 0.028128997325512734 -0.00012328616076003835 0.011523669705159853 0.020570941491665308 0.034365934565555707 0.014769957929455377 0.00059381968515724039 -0.0059739908136848298 0.014905392839868815 0.050695182826185993 0.0016678212801861606 0.015640151672108006 0.0088787730513836659 0.0096627408532336916 0.021403362998031816 0.010435406380795978 0.0022102592331095751 0.0097792872038966489 0.0055969099322698444 -0.0062630745926628333 -0.0058876341339946349 -0.0051813904328961002 -0.0010424359525812164 0.026878405821186471 0.0025219443984700997 0.024006498853172079 0.037675245306730595 0.00062002425171419034 0.0060383890117000748
leaf_weight=9346 30054 6599 50145 8305 4465 4519 4565 14154 59455 6252 4097 79843 29152 2221 11184 16690 8039 13324 5177 17180 465201 27607 6669 7559 621 1155 1113 561 3896 852
leaf_count=9346 30054 6599 50145 8305 4465 4519 4565 14154 59455 6252 4097 79843 29152 2221 11184 16690 8039 13324 5177 17180 465201 27607 6669 7559 621 1155 1113 561 3896 852
internal_value=7.72442e-11 0.0138085 -0.00457899 0.00740023 0.0291011 0.031534 0.0140035 -0.00530445 -0.00223689 0.00154275 0.0361103 0.00362044 0.0179454 0.00547125 0.00265011 0.0241653 0.00804129 0.00530542 0.0166578 0.00752264 -0.00605119 -0.00369088 -0.000533408 -0.00541772 0.0116107 0.0136071 0.0129989 0.0224801 0.00361866 -0.00391038
internal_weight=900000 224125 675875 157941 66184 55360 57496 630373 123411 56397 34151 100445 35751 45502 91027 21209 31864 21363 10824 21745 506962 41761 13638 67014 5798 10501 9418 5026 6117 7521
internal_count=900000 224125 675875 157941 66184 55360 57496 630373 123411 56397 34151 100445 35751 45502 91027 21209 31864 21363 10824 21745 506962 41761 13638 67014 5798 10501 9418 5026 6117 7521
is_linear=0
shrinkage=0.1


Tree=19
num_leaves=31
num_cat=0
split_feature=5 0 0 0 2 3 3 1 0 2 4 4 1 0 3 4 1 4 1 1 4 1 2 4 2 1 1 4 2 3
split_gain=4609.39 1796.11 405.308 328.495 162.572 132.362 131.765 97.0123 88.1357 79.8742 66.1527 65.1653 61.8172 72.8442 81.6693 61.0756 56.9987 51.5746 42.1797 37.0481 28.2582 25.83 20.5513 19.0601 15.1865 29.1087 13.7031 9.59581 6.1823 4.89199
threshold=1.0000000180025095e-35 476.44999694824224 125.54999923706056 121.64999771118165 37.149999618530281 7.6499998569488534 7.6499998569488534 9.0500001907348651 29.550000190734867 34.149999618530281 1.0000000180025095e-35 1.0000000180025095e-35 9.0500001907348651 278.75000000000006 15.650000095367433 1.0000000180025095e-35 10.250000000000002 1.0000000180025095e-35 14.150000095367433 7.8500001430511483 1.0000000180025095e-35 9.9499998092651385 19.349999427795414 1.0000000180025095e-35 10.150000095367433 31.94999980926514 19.849999427795414 1.0000000180025095e-35 38.649999618530281 6.7500000000000009
decision_type=2 2 2 2 2 2 2 2 2 2 2 2 2 2 2 2 2 2 2 2 2 2 2 2 2 2 2 2 2 2
left_child=2 3 5 9 7 17 21 -5 22 16 -10 -6 13 14 -4 18 -2 19 -8 -1 -11 -3 -7 -23 25 -14 -17 -15 -19 -26
right_child=1 6 12 4 11 8 15 -9 10 20 -12 -13 24 27 -16 26 -18 28 -20 -21 -22 23 -24 -25 29 -27 -28 -29 -30 -31
leaf_value=0.011723146698515548 0.042364983836039573 0.021928153007442126 0.0055829104258675651 0.030886119367471689 0.011206154772782428 0.010986764783411264 0.011570592126371996 0.019852925361534893 -0.0042048590948853262 0.022117992051700924 0.0075794008658528148 0.025946951528524661 -0.00092414241774044128 -0.0056626147678325994 -0.0055736317471090507 0.022315065704461474 0.031000463139087355 0.021403061195051573 0.0014132532057229343 0.0036136246125785566 0.038666689273144733 0.0090788855007679411 0.0031908649478647258 0.018526198351933702 -0.0049496855832032527 -0.0064746216763681072 0.0085679106438856286 -0.00067829936492051399 0.01210024997551809 -0.0057678518288046187
leaf_weight=7809 6826 2066 18342 10686 25653 5449 4296 31348 40652 8910 5396 3396 20082 33672 10216 774 12486 2501 84564 20221 1167 18056 8912 2422 89962 17844 11475 4363 1000 389454
leaf_count=7809 6826 2066 18342 10686 25653 5449 4296 31348 40652 8910 5396 3396 20082 33672 10216 774 12486 2501 84564 20221 1167 18056 8912 2422 89962 17844 11475 4363 1000 389454
internal_value=5.7221e-11 0.0124276 -0.00412109 0.0223588 0.0186822 0.00205039 0.00435823 0.0226578 -0.000690851 0.0312515 -0.00282396 0.0129294 -0.00509279 -0.002225 0.0015919 0.00281682 0.0350174 0.00730223 0.00190432 0.00587289 0.0240345 0.0112714 0.00614887 0.0101963 -0.00546193 -0.00353562 0.00943658 -0.00509086 0.0187459 -0.00561432
internal_weight=900000 224125 675875 100472 71083 91940 123653 42034 60409 29389 46048 29049 583935 66593 28558 101109 19312 31531 88860 28030 10077 22544 14361 20478 517342 37926 12249 38035 3501 479416
internal_count=900000 224125 675875 100472 71083 91940 123653 42034 60409 29389 46048 29049 583935 66593 28558 101109 19312 31531 88860 28030 10077 22544 14361 20478 517342 37926 12249 38035 3501 479416
is_linear=0
shrinkage=0.1


Tree=20
num_leaves=31
num_cat=0
split_feature=5 0 0 1 3 1 2 3 0 4 3 2 1 0 2 4 2 3 1 2 4 2 0 4 1 2 3 4 4 0
split_gain=3733.61 1476.25 336.468 273.329 164.023 113.771 118.592 106.286 104.351 95.2677 85.6555 83.2776 80.5419 54.7438 53.829 49.1965 42.5593 39.9179 39.6541 25.4209 21.0278 20.9463 34.8997 13.4112 13.1246 12.9184 9.04272 8.433 7.60237 6.95395
threshold=1.0000000180025095e-35 287.65000915527349 57.95000076293946 28.349999427795414 9.7500000000000018 12.949999809265138 30.650000572204593 8.0500001907348651 287.65000915527349 1.0000000180025095e-35 20.050000190734867 40.649999618530281 40.049999237060554 32.750000000000007 11.449999809265138 1.0000000180025095e-35 17.050000190734867 21.849999427795414 38.149999618530281 17.550000190734867 1.0000000180025095e-35 9.7500000000000018 175.75000000000003 1.0000000180025095e-35 9.9499998092651385 40.149999618530281 15.449999809265138 1.0000000180025095e-35 1.0000000180025095e-35 287.65000915527349
decision_type=2 2 2 2 2 2 2 2 2 2 2 2 2 2 2 2 2 2 2 2 2 2 2 2 2 2 2 2 2 2
left_child=2 4 14 10 12 6 8 19 -4 11 16 -6 13 -2 24 -9 -3 18 -16 -5 -8 22 -7 -12 -1 -11 -26 -19 -14 -23
right_child=1 3 5 7 9 21 20 15 -10 25 23 -13 28 -15 17 -17 -18 27 -20 -21 -22 29 -24 -25 26 -27 -28 -29 -30 -31
leaf_value=0.016074212712286404 0.044327604569157186 0.023948745416610528 0.0051274501741995363 0.017377638794840229 0.020930199335631158 0.0024883372079402238 -0.0052313616875871759 0.0013066522799852615 -0.0039242272240085172 0.036903187677711308 0.0043329098202786456 0.010126618679312464 0.014388733178054003 0.029910856672021219 0.0060263487640289373 0.0081991109095870037 0.014243944425178108 -0.0057044750792969124 -0.0057390364160231763 0.0082651854840102776 0.000604510847368718 -0.0059801467230275523 -0.0044452730639362682 0.015722146338703794 0.011174747425153425 0.025343416154928133 0.0032863904556414861 0.0056122915035844434 0.028770374932064798 -0.0049352358734914923
leaf_weight=3600 3013 5699 35567 3637 23837 9777 52451 85239 19841 3047 9250 10183 3341 20934 23262 11788 21820 5448 3267 19344 6998 75590 28192 1164 4383 1416 2174 749 413 404576
leaf_count=3600 3013 5699 35567 3637 23837 9777 52451 85239 19841 3047 9250 10183 3341 20934 23262 11788 21820 5448 3267 19344 6998 75590 28192 1164 4383 1416 2174 749 413 404576
internal_value=3.0113e-11 0.0111849 -0.00370899 0.0059312 0.0237222 -0.00428973 -0.00144225 0.00359237 0.00188614 0.0194986 0.0133305 0.0176964 0.0295898 0.0317248 0.00486327 0.00214403 0.0162537 0.00288948 0.00457746 0.00970733 -0.0045444 -0.00492094 -0.00265987 0.00560591 0.0112229 0.0332356 0.00855933 -0.00433667 0.0159709 -0.00509973
internal_weight=900000 224125 675875 157941 66184 632992 114857 120008 55408 38483 37933 34020 27701 23947 42883 97027 27519 32726 26529 22981 59449 518135 37969 10414 10157 4463 6557 6197 3754 480166
internal_count=900000 224125 675875 157941 66184 632992 114857 120008 55408 38483 37933 34020 27701 23947 42883 97027 27519 32726 26529 22981 59449 518135 37969 10414 10157 4463 6557 6197 3754 480166
is_linear=0
shrinkage=0.1


Tree=21
num_leaves=31
num_cat=0
split_feature=5 0 0 0 1 2 0 2 3 1 3 4 2 2 3 4 1 3 1 0 4 3 3 4 1 0 2 2 0 1
split_gain=3024.22 1204.35 275.593 241.905 154.738 103.418 101.699 97.4337 93.7737 92.6243 68.3707 50.3236 48.1614 44.218 42.35 35.2281 33.4147 31.9194 30.1677 36.0998 16.6104 12.087 10.8193 8.56237 8.4371 7.11994 6.68983 4.71911 3.00133 2.27191
threshold=1.0000000180025095e-35 476.44999694824224 50.649999618530281 87.149997711181655 10.84999990463257 14.750000000000002 274.34999084472662 16.250000000000004 26.44999980926514 29.150000572204593 20.650000572204593 1.0000000180025095e-35 24.750000000000004 43.350000381469734 18.650000572204593 1.0000000180025095e-35 40.549999237060554 15.84999990463257 6.3500001430511483 207.44999694824222 1.0000000180025095e-35 7.1499998569488534 23.250000000000004 1.0000000180025095e-35 39.149999618530281 357.44999694824224 15.750000000000002 22.250000000000004 25.750000000000004 13.250000000000002
decision_type=2 2 2 2 2 2 2 2 2 2 2 2 2 2 2 2 2 2 2 2 2 2 2 2 2 2 2 2 2 2
left_child=2 3 13 11 10 6 9 -6 12 -4 -5 14 23 16 -2 -14 17 -1 19 -7 27 -20 24 -3 -15 -8 -13 -10 -18 -22
right_child=1 8 5 4 7 18 25 -9 20 -11 -12 26 15 22 -16 -17 28 -19 21 -21 29 -23 -24 -25 -26 -27 -28 -29 -30 -31
leaf_value=0.010506101787495937 0.028811017158065055 0.011802565593057798 0.0052472648170944734 0.025434728050056934 0.019504849197606394 0.0018707209704284711 -0.0022008515986129207 0.010183458332482097 0.0079055254532440916 -0.0052222289358330488 0.012692498344972818 0.048465250769711948 0.0039772009788162036 0.0013848567361214527 0.018131757785949065 0.011159350529485187 -0.00063462445699208044 0.0032155902143228901 -0.0035816162082164568 -0.0040416385467230802 0.019002698356257099 -0.0047965027124833156 -0.0094385548478830503 0.021964132147867566 -0.0099917945957116398 -0.0050537145455793395 0.037419558151703183 -0.00062609491681592624 -0.0073981997652992557 0.0047544168724058377
leaf_weight=17032 13658 7330 34112 18031 15559 16533 12519 40152 658 11233 5494 819 56625 6463 5100 7766 1363 9276 102665 27513 114 404756 1377 935 725 29043 1659 44123 1265 6102
leaf_count=17032 13658 7330 34112 18031 15559 16533 12519 40152 658 11233 5494 819 56625 6463 5100 7766 1363 9276 102665 27513 114 404756 1377 935 725 29043 1659 44123 1265 6102
internal_value=-8.02493e-11 0.0100664 -0.00333809 0.0181986 0.0156584 -0.00382751 -0.000621286 0.0127867 0.00345868 0.00265373 0.0224589 0.0276768 0.00576583 0.00499329 0.0259075 0.00484342 0.00686149 0.00793552 -0.00433279 -0.00182239 0.000171665 -0.0045507 -0.00131823 0.0129521 0.000237379 -0.0041944 0.0410703 -0.000500734 -0.0038903 0.00501573
internal_weight=900000 224125 675875 100472 79236 638374 86907 55711 123653 45345 23525 21236 72656 37501 18758 64391 28936 26308 551467 44046 50997 507421 8565 8265 7188 41562 2478 44781 2628 6216
internal_count=900000 224125 675875 100472 79236 638374 86907 55711 123653 45345 23525 21236 72656 37501 18758 64391 28936 26308 551467 44046 50997 507421 8565 8265 7188 41562 2478 44781 2628 6216
is_linear=0
shrinkage=0.1


Tree=22
num_leaves=31
num_cat=0
split_feature=5 0 0 1 1 1 0 3 3 3 3 4 3 1 4 1 4 4 4 4 3 2 0 1 4 4 4 1 2 3
split_gain=2449.62 998.165 228.72 199.848 136.434 103.869 97.9926 90.3389 72.9122 71.7924 60.6243 44.4179 43.7253 43.6999 38.7451 33.9162 32.5667 30.5836 26.5439 24.6538 22.4935 22.4703 34.3036 16.4177 12.5048 8.97056 8.75952 5.86446 3.74095 2.74568
threshold=1.0000000180025095e-35 283.15000915527349 32.750000000000007 44.549999237060554 13.84999990463257 11.449999809265138 183.44999694824222 10.750000000000002 19.650000572204593 10.150000095367433 20.650000572204593 1.0000000180025095e-35 6.1499998569488534 42.549999237060554 1.0000000180025095e-35 42.549999237060554 1.0000000180025095e-35 1.0000000180025095e-35 1.0000000180025095e-35 1.0000000180025095e-35 6.1499998569488534 9.7500000000000018 187.15000152587893 5.7500000000000009 1.0000000180025095e-35 1.0000000180025095e-35 1.0000000180025095e-35 31.150000572204593 48.649999618530281 8.0500001907348651
decision_type=2 2 2 2 2 2 2 2 2 2 2 2 2 2 2 2 2 2 2 2 2 2 2 2 2 2 2 2 2 2
left_child=2 4 18 7 10 6 8 14 -4 15 11 -2 26 -11 -3 -6 -9 -8 20 -14 27 22 -7 -22 -12 -23 -5 -1 29 -20
right_child=1 3 5 12 9 21 17 16 -10 13 24 -13 19 -15 -16 -17 -18 -19 28 -21 23 25 -24 -25 -26 -27 -28 -29 -30 -31
leaf_value=0.011968518428743993 0.025524589125258706 0.012237591253828941 0.0057409160454937741 0.0064837840095063456 0.022894746171416722 0.002416570566080042 -0.0036061271823333249 0.0047865034728498783 -0.0041132157738856387 0.013710726569595773 0.014383743739048266 0.039280308573715672 0.00049569950179254236 0.0015470676047716952 0.024199283969591871 0.011577157908710504 0.014340409052882723 0.0030131009766450291 0.022211693314846057 0.0057088153324413781 0.009830863246471604 -0.0042696851746748506 -0.0036830720297677984 0.0016957365726517342 0.028222839880370828 -0.0029597015306440629 0.014572457494733277 0.0037455295507454289 0.0077937981727834579 0.014918550184835053
leaf_weight=4962 19169 23652 30784 10967 12720 13631 61076 30997 9931 17655 5493 2675 74215 3547 3058 3344 4032 7881 789 10335 3102 440495 28492 12387 741 59313 1525 1051 488 1493
leaf_count=4962 19169 23652 30784 10967 12720 13631 61076 30997 9931 17655 5493 2675 74215 3547 3058 3344 4032 7881 789 10335 3102 440495 28492 12387 741 59313 1525 1051 488 1493
internal_value=-5.28175e-11 0.00905975 -0.00300428 0.00477861 0.0194626 -0.00335932 -0.000552753 0.00922646 0.00333735 0.0154963 0.0247268 0.0272091 0.00194884 0.0116758 0.0136071 0.0205388 0.0058862 -0.00284962 0.00652713 0.00113293 0.00534019 -0.00392729 -0.00170923 0.00332497 0.0160287 -0.00411423 0.00747123 0.0105312 0.0157407 0.0174401
internal_weight=900000 224125 675875 158781 65344 651603 109672 61739 40715 37266 28078 21844 97042 21202 26710 16064 35029 68957 24272 84550 21502 541931 42123 15489 6234 499808 12492 6013 2770 2282
internal_count=900000 224125 675875 158781 65344 651603 109672 61739 40715 37266 28078 21844 97042 21202 26710 16064 35029 68957 24272 84550 21502 541931 42123 15489 6234 499808 12492 6013 2770 2282
is_linear=0
shrinkage=0.1


Tree=23
num_leaves=31
num_cat=0
split_feature=5 0 0 2 1 3 3 4 2 3 2 1 4 2 3 4 1 4 3 0 0 4 0 4 3 2 1 1 2 2
split_gain=1984.19 811.837 187.076 175.309 116.596 99.9036 77.4536 72.2556 62.6977 51.2438 48.3944 55.5646 62.007 46.7886 45.0514 32.3817 30.8399 18.1442 17.7406 47.9311 17.0943 15.7399 14.3807 10.9943 9.98099 7.47038 5.77961 5.17452 3.86943 2.89852
threshold=1.0000000180025095e-35 443.55000305175787 94.750000000000014 40.149999618530281 39.149999618530281 20.650000572204593 26.44999980926514 1.0000000180025095e-35 42.750000000000007 6.9500000476837167 11.84999990463257 25.550000190734867 1.0000000180025095e-35 22.250000000000004 19.650000572204593 1.0000000180025095e-35 8.4499998092651385 1.0000000180025095e-35 6.7500000000000009 239.94999694824222 278.75000000000006 1.0000000180025095e-35 22.150000572204593 1.0000000180025095e-35 6.5499999523162851 8.8499999046325701 6.3500001430511483 36.45000076293946 17.050000190734867 9.2500000000000018
decision_type=2 2 2 2 2 2 2 2 2 2 2 2 2 2 2 2 2 2 2 2 2 2 2 2 2 2 2 2 2 2
left_child=2 3 7 4 5 -2 13 8 14 21 11 12 -4 25 -1 -11 -15 -6 19 -12 -20 -5 -10 28 29 -3 -26 -13 -8 -9
right_child=1 6 10 9 17 -7 23 24 22 15 18 27 -14 16 -16 -17 -18 -19 20 -21 -22 -23 -24 -25 26 -27 -28 -29 -30 -31
leaf_value=0.0044988131032531941 0.022255915044709501 0.015612404972756476 0.00051033290204715567 0.013878951268541596 0.0068348913771394751 0.011711629119409884 0.007262979768572396 0.023757580798548877 0.0010086694890707917 0.0050870016748876569 0.0016060723313218431 -0.0019588979820092125 0.013827524599255967 0.013064562177566397 -0.0028557832861960866 0.01690436693160453 0.0036085008227752652 0.020131310568701336 -0.0053382667695290147 -0.0035173946725360269 -0.0035916537295684948 0.026696926032794041 -0.0064127994493668253 0.003901636796076332 0.014795358293388973 0.0095823628860734287 0.0071473272339907792 -0.0049350681876800147 -0.000672782066495052 0.014887893977110525
leaf_weight=36346 42344 3338 31051 7756 9023 11406 623 458 3404 19763 23164 8474 3940 3642 10805 2627 65082 1158 66089 86240 368328 1093 11207 6279 1274 5343 4403 18808 44648 1884
leaf_count=36346 42344 3338 31051 7756 9023 11406 623 458 3404 19763 23164 8474 3940 3642 10805 2627 65082 1158 66089 86240 368328 1093 11207 6279 1274 5343 4403 18808 44648 1884
internal_value=-9.99498e-11 0.00815378 -0.00270385 0.0151596 0.0181597 0.0200184 0.00298342 0.00219933 0.00103984 0.00901972 -0.00326836 -0.000627747 0.00200985 0.00498343 0.00281345 0.00647352 0.00410962 0.00834724 -0.00357074 -0.00243261 -0.00385737 0.0154622 -0.00468378 -1.96927e-05 0.0111297 0.011901 0.00886365 -0.00401065 -0.000563574 0.0166224
internal_weight=900000 224125 675875 95170 63931 53750 128955 69781 61762 31239 606094 62273 34991 77405 47151 22390 68724 10181 543821 109404 434417 8849 14611 51550 8019 8681 5677 27282 45271 2342
internal_count=900000 224125 675875 95170 63931 53750 128955 69781 61762 31239 606094 62273 34991 77405 47151 22390 68724 10181 543821 109404 434417 8849 14611 51550 8019 8681 5677 27282 45271 2342
is_linear=0
shrinkage=0.1


Tree=24
num_leaves=31
num_cat=0
split_feature=5 0 0 2 2 1 0 4 4 3 1 1 4 1 3 0 2 4 1 3 0 1 2 0 3 0 1 3 1 1
split_gain=1607.2 684.505 161.964 149.286 109.976 79.6442 69.4149 69.1805 66.1006 65.3583 57.9366 38.0783 36.7534 34.586 26.84 63.0942 25.0192 24.2383 21.8544 19.7879 16.5979 16.5257 15.1353 12.7963 7.52586 7.15747 6.07408 3.77177 3.40258 2.37111
threshold=1.0000000180025095e-35 269.75000000000006 32.750000000000007 35.649999618530281 16.250000000000004 7.5499999523162851 265.25000000000006 1.0000000180025095e-35 1.0000000180025095e-35 5.9500000476837167 8.4499998092651385 9.3499999046325701 1.0000000180025095e-35 10.550000190734865 8.2500000000000018 231.65000152587893 10.550000190734865 1.0000000180025095e-35 36.049999237060554 24.650000572204593 287.65000915527349 12.34999990463257 11.449999809265138 47.049999237060554 9.0500001907348651 348.05000305175787 15.050000190734865 15.84999990463257 5.1499998569488534 46.049999237060554
decision_type=2 2 2 2 2 2 2 2 2 2 2 2 2 2 2 2 2 2 2 2 2 2 2 2 2 2 2 2 2 2
left_child=2 4 18 12 11 6 8 10 -4 21 -6 23 16 -11 15 -7 -3 -13 19 22 -16 -5 -1 -2 -9 -8 -14 29 -21 -20
right_child=1 3 5 9 7 14 25 24 -10 13 -12 17 26 -15 20 -17 -18 -19 27 28 -22 -23 -24 -25 -26 -27 -28 -29 -30 -31
leaf_value=0.012906464008645669 0.037203090397420972 0.01314151309742197 0.0017204501072752816 0.01533691332655255 0.018363436220378754 0.0014926035749759053 -0.00070784907902226245 0.029457822219367061 0.014440201529711889 0.0088845236734103345 0.0094130848888773697 0.017833656497496884 0.025406625209826603 0.0010233849557616697 -0.0047987701492781332 -0.0031915663095970965 0.006773230971403474 0.030975076810023778 0.0031215508783650069 0.0061601308168689368 -0.003223134496033897 0.0067306465796830393 0.0062683070029898799 0.026263819783871795 0.021380136706284487 -0.0039213179935121368 0.016561219008447987 -0.0078234490278335893 -0.0028359702390354886 -0.0034713774024601458
leaf_weight=4565 1353 8749 35141 2625 9855 38898 9800 1853 4623 5913 27175 12629 1082 104616 82850 110285 20922 1579 1125 517 346328 14871 13873 5100 3055 23678 2748 882 2251 1059
leaf_count=4565 1353 8749 35141 2625 9855 38898 9800 1853 4623 5913 27175 12629 1082 104616 82850 110285 20922 1579 1125 517 346328 14871 13873 5100 3055 23678 2748 882 2251 1059
internal_value=-3.53953e-11 0.0073384 -0.00243347 0.00389802 0.0162157 -0.00273224 0.000374505 0.0132737 0.00319926 0.00234288 0.0117951 0.0221873 0.00984104 0.00144393 -0.00312566 -0.00197022 0.00865103 0.0192941 0.00558728 0.00672825 -0.0035273 0.00802188 0.00791183 0.0285575 0.0244298 -0.00298064 0.0190601 -0.00230422 -0.0011557 -7.52948e-05
internal_weight=900000 224125 675875 161526 62599 651603 73242 41938 39764 128025 37030 20661 33501 110529 578361 149183 29671 14208 24272 21206 429178 17496 18438 6453 4908 33478 3830 3066 2768 2184
internal_count=900000 224125 675875 161526 62599 651603 73242 41938 39764 128025 37030 20661 33501 110529 578361 149183 29671 14208 24272 21206 429178 17496 18438 6453 4908 33478 3830 3066 2768 2184
is_linear=0
shrinkage=0.1


Tree=25
num_leaves=31
num_cat=0
split_feature=5 1 0 0 2 3 2 1 4 0 4 3 4 4 3 1 1 1 2 3 1 0 4 3 3 1 2 3 3 3
split_gain=1301.83 554.807 165.458 132.706 91.9768 76.8329 74.8965 96.8812 117.212 57.5059 43.5772 40.7198 28.5654 25.027 20.1252 19.3007 17.3951 13.8493 12.5381 11.2907 11.0497 8.57209 43.9623 8.09679 6.7659 5.24784 5.18806 5.08735 4.03558 2.00477
threshold=1.0000000180025095e-35 29.150000572204593 179.55000305175784 29.550000190734867 36.149999618530281 19.44999980926514 30.150000572204593 25.550000190734867 1.0000000180025095e-35 36.350000381469734 1.0000000180025095e-35 22.849999427795414 1.0000000180025095e-35 1.0000000180025095e-35 4.7500000000000009 46.049999237060554 8.1500000953674334 6.9500000476837167 23.250000000000004 18.050000190734867 37.750000000000007 296.65000915527349 1.0000000180025095e-35 24.849999427795414 20.050000190734867 47.549999237060554 40.149999618530281 26.849999427795414 26.050000190734867 1.0500000119209292
decision_type=2 2 2 2 2 2 2 2 2 2 2 2 2 2 2 2 2 2 2 2 2 2 2 2 2 2 2 2 2 2
left_child=3 2 9 16 13 10 7 8 -5 19 -4 -11 14 15 -6 -3 26 -7 27 -2 -9 22 -8 -14 -20 -15 28 -18 -1 -28
right_child=1 4 5 6 12 17 21 20 -10 11 -12 -13 23 25 -16 -17 18 -19 24 -21 -22 -23 -24 -25 -26 -27 29 -29 -30 -31
leaf_value=0.012670416923399664 0.028931719146500071 0.0099334633949237118 0.010539384958179686 5.1591060661595817e-05 0.0052705849493548014 0.0086704955506475504 -0.0049084684575156738 -0.0018221741301635984 0.010567705319012631 0.017906285046715317 0.020821851956217538 0.0072263003655684641 0.0080510525628914274 0.020903554740850296 0.00020885248336017641 0.0041759361149461731 0.0075170661190211031 0.0017878546983715134 0.0026764364925084042 0.020265917139994739 -0.0043319541583003874 -0.0029175701494959035 0.0023808134787940654 0.0030821574801380078 -0.0039472788201384305 0.012565999130182815 0.018904922562980594 -0.0025315301020954386 0.0027852602709292854 0.0042222909214923859
leaf_weight=4120 4952 10457 35556 93377 8638 3882 70560 27323 11956 21750 4662 4271 6767 1386 86645 13137 6669 11842 6387 2159 49003 392438 9373 6363 2033 1658 99 545 459 1533
leaf_count=4120 4952 10457 35556 93377 8638 3882 70560 27323 11956 21750 4662 4271 6767 1386 86645 13137 6669 11842 6387 2159 49003 392438 9373 6363 2033 1658 99 545 459 1533
internal_value=-2.13704e-11 0.00660456 0.0127309 -0.00219012 0.0025639 0.00941404 -0.00244621 -0.000720587 0.00124524 0.0183312 0.0117313 0.0161533 0.0012703 0.00782868 0.00066773 0.00672771 0.00547705 0.00348707 0.00369843 0.0263007 -0.00343351 -0.00310983 -0.00405372 0.00564305 0.00107715 0.0163623 0.0099541 0.00675792 0.0116795 0.00511297
internal_weight=900000 224125 89074 675875 135051 55942 654030 181659 105333 33132 40218 26021 108413 26638 95283 23594 21845 15724 15634 7111 76326 472371 79933 13130 8420 3044 6211 7214 4579 1632
internal_count=900000 224125 89074 675875 135051 55942 654030 181659 105333 33132 40218 26021 108413 26638 95283 23594 21845 15724 15634 7111 76326 472371 79933 13130 8420 3044 6211 7214 4579 1632
is_linear=0
shrinkage=0.1


Tree=26
num_leaves=31
num_cat=0
split_feature=5 2 0 0 3 1 2 1 4 3 1 3 3 4 4 4 0 3 4 1 3 3 0 4 0 3 4 2 3 1
split_gain=1054.48 471.442 140.331 112.303 116.676 108.634 82.3435 74.1637 64.3373 53.0323 36.716 29.474 26.4128 21.5766 21.5301 18.3791 17.0541 15.6196 10.1031 8.99044 8.81373 8.32132 29.2597 72.7158 13.3254 11.2593 6.85525 4.06198 2.91112 1.94409
threshold=1.0000000180025095e-35 44.45000076293946 244.05000305175784 175.75000000000003 20.050000190734867 38.149999618530281 41.149999618530281 16.849999427795414 1.0000000180025095e-35 6.5499999523162851 7.5499999523162851 27.250000000000004 5.1499998569488534 1.0000000180025095e-35 1.0000000180025095e-35 1.0000000180025095e-35 29.550000190734867 19.849999427795414 1.0000000180025095e-35 7.2500000000000009 18.44999980926514 10.550000190734865 333.75000000000006 1.0000000180025095e-35 283.15000915527349 17.250000000000004 1.0000000180025095e-35 47.649999618530281 9.2500000000000018 18.050000190734867
decision_type=2 2 2 2 2 2 2 2 2 2 2 2 2 2 2 2 2 2 2 2 2 2 2 2 2 2 2 2 2 2
left_child=3 2 8 4 5 6 -1 15 9 -2 20 14 -12 16 -9 17 -6 -3 -7 -10 -4 22 23 -5 25 -23 -13 -15 -17 -26
right_child=1 7 10 21 13 18 -8 11 19 -11 12 26 -14 27 -16 28 -18 -19 -20 -21 -22 24 -24 -25 29 -27 -28 -29 -30 -31
leaf_value=0.0054475061593737802 0.019963346305815633 0.0089810520558833134 0.016521698672227948 -0.0013172595168093439 -0.00031738195963867299 -0.0071309706439219318 -0.0016752891959181664 0.0019448509975634549 0.033465460423862753 0.011841565788490542 0.010714083176970462 -0.0010743648951980873 0.0048839627931237181 0.0045695035172587687 0.0074291018948694325 0.02132743671842937 -0.0071338415990922265 0.0020518068069660701 0.0020909036089875963 0.023751976346998337 0.0085938093372938291 -0.0026779792897707756 -0.0028176648239571353 0.010910679253066406 -0.0033201588867728992 -0.0062230888370702038 0.0025564619744359554 -0.0037586275335381386 0.013818549670439675 -0.0025738571185161155
leaf_weight=63723 11333 11271 5087 42596 4461 11642 21777 59569 1277 27666 10706 42401 28342 2553 8136 864 20710 4573 1323 3754 1936 15906 126957 5490 39537 20512 5927 760 1283 297928
leaf_count=63723 11333 11271 5087 42596 4461 11642 21777 59569 1277 27666 10706 42401 28342 2553 8136 864 20710 4573 1323 3754 1936 15906 126957 5490 39537 20512 5927 760 1283 297928
internal_value=-6.67548e-11 0.0059441 0.0115378 -0.00197111 0.000709323 0.00233988 0.00363332 0.00218363 0.0155747 0.0142017 0.00767966 0.00125735 0.00648244 -0.00492727 0.00260388 0.00815766 -0.00592578 0.00698109 -0.00618993 0.0262175 0.0143363 -0.002591 -0.00202198 7.88097e-05 -0.00285741 -0.00467472 -0.000629076 0.00265904 0.0168403 -0.00266129
internal_weight=900000 224125 90101 675875 126949 98465 85500 134024 44030 38999 46071 116033 39048 28484 67705 17991 25171 15844 12965 5031 7023 548926 175043 48086 373883 36418 48328 3313 2147 337465
internal_count=900000 224125 90101 675875 126949 98465 85500 134024 44030 38999 46071 116033 39048 28484 67705 17991 25171 15844 12965 5031 7023 548926 175043 48086 373883 36418 48328 3313 2147 337465
is_linear=0
shrinkage=0.1


Tree=27
num_leaves=31
num_cat=0
split_feature=5 1 2 0 0 2 3 2 0 1 3 0 1 4 1 3 3 3 1 2 0 4 3 3 3 4 2 0 3 1
split_gain=854.13 384.411 120.013 97.3879 71.9316 70.3506 56.9785 53.4163 56.9676 46.7668 34.7334 29.8184 19.3682 19.2569 18.8764 20.826 17.7705 16.051 13.5777 10.9991 10.6409 10.3199 8.75041 8.66499 5.34264 4.50177 3.89478 3.71061 2.88386 2.15364
threshold=1.0000000180025095e-35 27.150000572204593 14.34999990463257 39.850000381469734 65.149997711181655 17.550000190734867 22.849999427795414 11.84999990463257 274.34999084472662 36.45000076293946 6.9500000476837167 57.95000076293946 4.8500001430511483 1.0000000180025095e-35 5.1499998569488534 11.34999990463257 5.7500000000000009 6.1499998569488534 47.549999237060554 19.349999427795414 25.750000000000004 1.0000000180025095e-35 16.050000190734867 4.9500000476837167 8.0500001907348651 1.0000000180025095e-35 8.4499998092651385 357.44999694824224 2.6499999761581425 48.049999237060554
decision_type=2 2 2 2 2 2 2 2 2 2 2 2 2 2 2 2 2 2 2 2 2 2 2 2 2 2 2 2 2 2
left_child=3 2 11 12 20 21 -6 8 9 -5 18 24 26 -12 15 -9 -13 25 -7 -19 -4 22 -3 -16 -2 -14 -1 -10 -28 -23
right_child=1 5 4 7 6 10 -8 14 27 -11 13 16 17 -15 23 -17 -18 19 -20 -21 -22 29 -24 -25 -26 -27 28 -29 -30 -31
leaf_value=0.01525670827096566 0.031293147222945218 0.0093943400197307268 0.021558490747759243 0.0046323252012748627 0.0088679484720816191 0.0082138596152527242 0.00083692729262532437 0.0021187928049115944 -0.00089337454448442917 -0.0049824727433400266 0.00015745588366380495 0.020992497649132059 0.0059019668436951812 0.0043071884028554963 -0.0015353519191026359 -0.0024911400245155803 0.013690662267646892 0.004287114854145643 0.0029840034538904138 -0.00085801281134456966 0.01429019390526492 0.020055124845522753 0.0033302537078247207 -0.0026746900360142978 0.023017485892785596 0.014102956803486489 0.015019366578786528 -0.0031812563056896354 0.0071247428019519561 0.012698851657620205
leaf_weight=945 1217 9401 3374 32724 44589 8511 11017 19191 10184 5984 92738 4600 6025 12716 78177 20026 12101 6684 11912 10981 4998 802 3186 456747 2173 753 531 23325 3598 790
leaf_count=945 1217 9401 3374 32724 44589 8511 11017 19191 10184 5984 92738 4600 6025 12716 78177 20026 12101 6684 11912 10981 4998 802 3186 456747 2173 753 531 23325 3598 790
internal_value=1.27882e-11 0.00534969 0.0106952 -0.001774 0.00857786 0.00214106 0.00727679 -0.00203051 0.00053273 0.00314594 0.00138886 0.0174375 0.0038432 0.000657845 -0.00235293 -0.00023525 0.0157018 0.00267611 0.00516347 0.00108878 0.0172194 0.00881886 0.00785941 -0.00250818 0.0259884 0.00681305 0.00946545 -0.00248593 0.00814001 0.0164047
internal_weight=900000 224125 84069 675875 63978 140056 55606 646358 72217 38708 125877 20091 29517 105454 574141 39217 16701 24443 20423 17665 8372 14179 12587 534924 3390 6778 5074 33509 4129 1592
internal_count=900000 224125 84069 675875 63978 140056 55606 646358 72217 38708 125877 20091 29517 105454 574141 39217 16701 24443 20423 17665 8372 14179 12587 534924 3390 6778 5074 33509 4129 1592
is_linear=0
shrinkage=0.1


Tree=28
num_leaves=31
num_cat=0
split_feature=5 0 0 3 1 3 1 0 3 1 1 2 0 2 0 4 4 2 4 4 1 4 3 3 4 0 3 4 1 2
split_gain=691.845 326.978 81.4806 74.8551 72.5212 56.0713 51.6293 48.2891 46.4811 32.9915 30.3819 27.0517 23.9451 20.1442 24.3687 19.0085 17.9844 14.7981 11.4016 10.9577 10.3548 7.28064 6.87237 6.84606 6.51106 4.28769 4.01152 3.92586 1.62784 1.6666
threshold=1.0000000180025095e-35 269.75000000000006 25.750000000000004 9.7500000000000018 5.7500000000000009 15.449999809265138 6.3500001430511483 274.34999084472662 21.250000000000004 43.549999237060554 9.9499998092651385 14.34999990463257 39.850000381469734 7.1499998569488534 195.25000000000003 1.0000000180025095e-35 1.0000000180025095e-35 21.750000000000004 1.0000000180025095e-35 1.0000000180025095e-35 23.94999980926514 1.0000000180025095e-35 26.050000190734867 3.4500000476837163 1.0000000180025095e-35 381.65000915527349 21.050000190734867 1.0000000180025095e-35 41.049999237060554 48.649999618530281
decision_type=2 2 2 2 2 2 2 2 2 2 2 2 2 2 2 2 2 2 2 2 2 2 2 2 2 2 2 2 2 2
left_child=2 4 18 10 17 9 7 8 -4 -6 24 27 -7 14 -8 -12 -13 21 20 -15 22 -2 -1 -19 -3 -9 -22 -5 29 -20
right_child=1 3 6 11 5 12 13 25 -10 -11 15 16 -14 19 -16 -17 -18 23 28 -21 26 -23 -24 -25 -26 -27 -28 -29 -30 -31
leaf_value=0.006417379967113764 0.020586193450776055 0.011089379799061442 0.0051653328160312078 0.0064750971602293402 0.01314954655032839 0.013164312194996256 0.0034724533822788244 -0.00062001451363481014 -0.0038098874184243682 0.0039035616464145845 0.0040220820571280885 0.00024099239567509394 0.0034151850081867441 -0.0023859258512713352 -0.0017976827927284264 0.010869956747355223 0.0041783468125783261 0.022068975824204941 0.013820060125853165 -0.0010121629390756372 0.0015390419141936686 0.031905852068147091 -0.0016188132268950756 0.013417656177764482 0.02099805865306581 -0.0032169212143192635 -0.0057322837157714537 0.014275350191923226 0.0022842562523740758 0.0061012997046024581
leaf_weight=10593 4564 5670 28561 5800 27544 2998 14008 10177 7231 4488 34514 96282 15779 490564 23481 4593 13190 1098 1646 65857 4200 649 1183 5479 751 16942 926 726 169 337
leaf_count=10593 4564 5670 28561 5800 27544 2998 14008 10177 7231 4488 34514 96282 15779 490564 23481 4593 13190 1098 1646 65857 4200 649 1183 5479 751 16942 926 726 169 337
internal_value=7.02703e-11 0.00481472 -0.0015966 0.00243692 0.0109502 0.00931066 -0.00178361 0.000940484 0.00335208 0.0118541 0.00587309 0.00108825 0.00497176 -0.00207216 0.000171537 0.00482634 0.000715394 0.0180161 0.00484991 -0.00222333 0.00397705 0.0219955 0.00561008 0.014862 0.0122483 -0.00224237 0.000225494 0.00734285 0.0117054 0.0125083
internal_weight=900000 224125 675875 161526 62599 50809 656821 62911 35792 32032 45528 115998 18777 593910 37489 39107 109472 11790 19054 556421 16902 5213 11776 6577 6421 27119 5126 6526 2152 1983
internal_count=900000 224125 675875 161526 62599 50809 656821 62911 35792 32032 45528 115998 18777 593910 37489 39107 109472 11790 19054 556421 16902 5213 11776 6577 6421 27119 5126 6526 2152 1983
is_linear=0
shrinkage=0.1


Tree=29
num_leaves=31
num_cat=0
split_feature=5 2 0 0 1 4 1 2 0 4 3 0 3 0 4 0 1 2 2 4 1 3 4 3 3 1 3 4 3 1
split_gain=560.395 280.712 92.7703 65.9993 58.1644 49.902 44.3395 44.1553 43.5387 47.6283 24.7177 19.4067 19.1413 44.9967 14.6548 12.0247 11.9118 10.3568 10.2128 7.90389 7.58289 7.03424 5.51707 5.51633 5.4719 2.63988 2.42762 1.82063 1.26654 1.00122
threshold=1.0000000180025095e-35 43.95000076293946 79.649997711181655 25.750000000000004 43.049999237060554 1.0000000180025095e-35 8.4499998092651385 10.550000190734865 292.05000305175787 1.0000000180025095e-35 4.7500000000000009 22.150000572204593 5.5499999523162851 239.94999694824222 1.0000000180025095e-35 296.65000915527349 7.8500001430511483 8.4499998092651385 43.95000076293946 1.0000000180025095e-35 41.049999237060554 26.050000190734867 1.0000000180025095e-35 3.4500000476837163 10.34999990463257 4.8500001430511483 23.050000190734867 1.0000000180025095e-35 13.050000190734865 3.6499999761581425
decision_type=2 2 2 2 2 2 2 2 2 2 2 2 2 2 2 2 2 2 2 2 2 2 2 2 2 2 2 2 2 2
left_child=3 2 11 18 5 -4 19 8 9 -5 22 24 13 -9 -12 -14 -13 -6 20 23 21 -1 -8 -3 -2 -20 -27 -10 -22 -21
right_child=1 6 4 7 17 -7 10 12 27 -11 14 16 15 -15 -16 -17 -18 -19 25 29 28 -23 -24 -25 -26 26 -28 -29 -30 -31
leaf_value=0.00705809021378261 0.025517717922589851 0.013032173082199346 0.0077745409377418355 0.0017544527621436185 0.0071957761200695074 0.017253320325322737 0.0043292665754409909 0.0026377161915741719 -0.0024851725864424397 0.012887854239667193 6.3560350439687476e-05 0.018963923159323309 -0.0030645003053366301 -0.0019802007529299017 0.0035654058570477182 -0.0018745157134190168 0.011556498499911062 0.0012303929159159781 0.0053573602653729418 0.019181520881313516 0.00076739120916795647 -0.00049182378871338232 0.010637097414863777 0.0058989601284129478 0.018305827336866934 8.2109337357171393e-06 -0.0071076953423893866 7.9939318165904642e-05 -0.0056159719379116641 0.013243567913553952
leaf_weight=12194 1897 1289 49130 34631 3610 6262 11379 29754 24580 4322 99058 2979 109488 72549 13590 378379 8003 15017 750 513 827 1373 1579 6821 2362 2835 577 3118 498 636
leaf_count=12194 1897 1289 49130 34631 3610 6262 11379 29754 24580 4322 99058 2979 109488 72549 13590 378379 8003 15017 750 513 827 1373 1579 6821 2362 2835 577 3118 498 636
internal_value=-4.34952e-11 0.00433325 0.00868343 -0.00143694 0.00722054 0.00884611 0.0014541 -0.00160525 0.000834548 0.00298975 0.000961807 0.015788 -0.00188078 -0.000637117 0.000486028 -0.00214157 0.0135659 0.00238651 0.00436492 0.00813244 0.00558884 0.00629403 0.00509791 0.00703271 0.0215181 -1.43782e-05 -0.00119515 -0.00219641 -0.00163179 0.0158947
internal_weight=900000 224125 89260 675875 74019 55392 134865 656821 66651 38953 125606 15241 590170 102303 112648 487867 10982 18627 19054 9259 14892 13567 12958 8110 4259 4162 3412 27698 1325 1149
internal_count=900000 224125 89260 675875 74019 55392 134865 656821 66651 38953 125606 15241 590170 102303 112648 487867 10982 18627 19054 9259 14892 13567 12958 8110 4259 4162 3412 27698 1325 1149
is_linear=0
shrinkage=0.1


Tree=30
num_leaves=31
num_cat=0
split_feature=5 2 1 1 2 4 0 0 1 0 2 4 3 4 4 0 4 0 1 0 3 0 4 0 1 3 3 1 2 3
split_gain=453.92 228.094 76.1867 57.1062 70.2729 68.6918 49.6498 48.2757 39.1776 35.8238 28.7823 27.0057 25.2483 20.1968 16.0337 13.7643 9.70015 26.2501 9.35804 7.89115 7.25783 7.25617 5.43137 5.38045 44.6359 4.2875 4.24063 2.45028 1.77792 0.935351
threshold=1.0000000180025095e-35 42.250000000000007 18.44999980926514 15.050000190734865 35.149999618530281 1.0000000180025095e-35 396.84999084472662 269.75000000000006 6.9500000476837167 57.95000076293946 11.449999809265138 1.0000000180025095e-35 24.849999427795414 1.0000000180025095e-35 1.0000000180025095e-35 18.44999980926514 1.0000000180025095e-35 362.34999084472662 43.049999237060554 553.64999389648449 13.550000190734865 22.150000572204593 1.0000000180025095e-35 310.25000000000006 40.549999237060554 16.050000190734867 14.34999990463257 46.049999237060554 12.34999990463257 9.0500001907348651
decision_type=2 2 2 2 2 2 2 2 2 2 2 2 2 2 2 2 2 2 2 2 2 2 2 2 2 2 2 2 2 2
left_child=3 2 9 4 5 7 -7 -1 22 20 18 -11 14 -12 -10 26 21 -18 -4 -14 -2 -6 25 24 -17 -3 27 -5 -28 -24
right_child=1 8 10 15 16 6 -8 -9 12 11 13 -13 19 -15 -16 23 17 -19 -20 -21 -22 -23 29 -25 -26 -27 28 -29 -30 -31
leaf_value=0.0030848392814367617 0.020969484739215366 0.0091542396626520736 0.011276401363767195 0.0056652877464069863 0.0029681261663315364 0.013348928611308012 -0.0063056362179151606 -0.0022711650066129449 0.0016238931227377761 0.0088031988327062268 0.0027850622574184724 0.01776968505631879 -0.004706938469147751 0.010554363382989228 0.006162460648484208 -0.0013785948015815331 0.0059828164411173538 -0.0056442657270205261 0.0058359659208238809 -0.00029982712569875773 0.014216299919652531 -0.0026683766111801712 0.018680634674971167 -0.0016833409152037565 -0.0062324797835992913 0.0041608465414074867 0.0044247332494992183 -0.0015315729676241153 -0.0016806572617770101 0.012476936005977685
leaf_weight=50477 3599 4235 8090 3542 2379 8147 1526 25245 64562 29178 29934 3796 4409 3767 8851 83763 4776 3272 5190 51752 2853 57169 404 407753 24483 2895 610 546 2187 610
leaf_count=50477 3599 4235 8090 3542 2379 8147 1526 25245 64562 29178 29934 3796 4409 3767 8851 83763 4776 3272 5190 51752 2853 57169 404 407753 24483 2895 610 546 2187 610
internal_value=-4.01882e-11 0.00389993 0.0079274 -0.00129324 0.000406088 0.00231289 0.0102482 0.0012992 0.00137301 0.0111688 0.00520723 0.00983543 0.000950161 0.00365349 0.00217108 -0.00179045 -0.0020028 0.0012557 0.00915021 -0.000645814 0.0179833 -0.00244319 0.00810066 -0.00184972 -0.00247644 0.00712677 0.00265123 0.00470406 -0.000349128 0.0149486
internal_weight=900000 224125 86407 675875 152991 85395 9673 75722 137718 39426 46981 32974 129574 33701 73413 522884 67596 8048 13280 56161 6452 59548 8144 515999 108246 7130 6885 4088 2797 1014
internal_count=900000 224125 86407 675875 152991 85395 9673 75722 137718 39426 46981 32974 129574 33701 73413 522884 67596 8048 13280 56161 6452 59548 8144 515999 108246 7130 6885 4088 2797 1014
is_linear=0
shrinkage=0.1


Tree=31
num_leaves=31
num_cat=0
split_feature=5 1 3 2 0 0 3 0 4 1 4 3 0 3 0 3 4 2 1 4 2 3 2 0 3 1 0 1 4 3
split_gain=367.675 194.901 89.2032 73.9881 48.1837 40.1009 26.0132 55.2772 64.5715 24.7252 19.8526 17.9934 17.6758 17.1136 15.1699 36.7594 11.0645 9.36317 8.36294 6.9032 6.89475 5.42847 4.93317 3.55253 2.96287 2.55262 2.52726 1.80821 1.62766 1.49982
threshold=1.0000000180025095e-35 39.149999618530281 23.250000000000004 15.750000000000002 72.450000762939467 54.45000076293946 9.0500001907348651 265.25000000000006 1.0000000180025095e-35 6.3500001430511483 1.0000000180025095e-35 4.7500000000000009 43.350000381469734 14.34999990463257 283.15000915527349 21.250000000000004 1.0000000180025095e-35 8.0500001907348651 5.4500000476837167 1.0000000180025095e-35 8.8499999046325701 26.050000190734867 17.050000190734867 367.05000305175787 13.949999809265138 48.549999237060554 54.45000076293946 46.049999237060554 1.0000000180025095e-35 6.7500000000000009
decision_type=2 2 2 2 2 2 2 2 2 2 2 2 2 2 2 2 2 2 2 2 2 2 2 2 2 2 2 2 2 2
left_child=4 2 3 12 9 -5 7 8 -6 20 13 22 -2 -11 15 -8 18 28 -4 -19 29 -22 27 -9 -12 -24 -18 -3 -13 -1
right_child=1 11 16 5 6 -7 14 23 -10 10 24 17 -14 -15 -16 -17 26 19 -20 -21 21 -23 25 -25 -26 -27 -28 -29 -30 -31
leaf_value=0.014244084725366297 0.020205772117564476 0.014120508536874375 0.0047709230655415989 0.013578066893764893 0.001028369582469007 0.0053846303673135247 -0.0015889037990104327 -0.00048802643355388238 0.01188533162581447 0.0015513872188285005 0.0089147642777389572 0.0048100896009299673 0.011737331449088454 -0.0028459916449424041 -0.0015415969757228414 -0.0060563261513645232 0.017125993089012064 -0.00034205902271013951 -0.0011800031812233553 0.0022340165638647497 0.0053292839112744211 -0.002632169582182051 0.0060644461632025698 -0.0018108008335186042 0.0038553245849676366 0.0023236628586874928 0.0059229495251175157 0.0069336473100539619 0.012139832712715862 0.0088254460784563966
leaf_weight=773 2814 425 2786 6622 48411 60987 56927 25357 6177 21942 2624 2654 19859 14833 356426 27228 222 85569 15499 11842 8780 949 2364 101871 2071 7988 2166 1986 342 1506
leaf_count=773 2814 425 2786 6622 48411 60987 56927 25357 6177 21942 2624 2654 19859 14833 356426 27228 222 85569 15499 11842 8780 949 2364 101871 2071 7988 2166 1986 342 1506
internal_value=5.43482e-11 0.00350993 0.00648814 0.00784494 -0.00116392 0.00618714 -0.00141142 -0.000405041 0.00225691 0.00171655 0.000559505 0.00059002 0.0127884 -0.000222272 -0.00182672 -0.00303432 0.000562763 0.000140462 -0.000273288 -2.88923e-05 0.00571244 0.0045527 0.00412671 -0.00154717 0.00668301 0.00317791 0.00696444 0.00820051 0.0056468 0.0106634
internal_weight=900000 224125 110955 90282 675875 67609 622397 181816 54588 53478 41470 113170 22673 36775 440581 84155 20673 100407 18285 97411 12008 9729 12763 127228 4695 10352 2388 2411 2996 2279
internal_count=900000 224125 110955 90282 675875 67609 622397 181816 54588 53478 41470 113170 22673 36775 440581 84155 20673 100407 18285 97411 12008 9729 12763 127228 4695 10352 2388 2411 2996 2279
is_linear=0
shrinkage=0.1


Tree=32
num_leaves=31
num_cat=0
split_feature=5 0 3 1 3 0 0 0 1 1 2 4 3 0 0 3 3 1 2 0 0 4 2 4 4 2 3 2 4 3
split_gain=297.817 164.973 52.4435 43.7315 42.3002 37.1416 30.8324 25.4797 25.4692 19.768 19.3604 16.9666 16.9231 36.0569 15.2618 13.6583 13.4906 13.4546 8.90458 12.3302 8.53707 7.26607 5.42327 5.39426 4.92131 3.47452 3.33735 3.1448 3.02556 1.28292
threshold=1.0000000180025095e-35 269.75000000000006 6.9500000476837167 5.1499998569488534 5.5499999523162851 195.25000000000003 39.850000381469734 18.44999980926514 5.7500000000000009 5.7500000000000009 41.149999618530281 1.0000000180025095e-35 4.7500000000000009 223.25000000000003 481.84999084472662 10.550000190734865 28.44999980926514 6.6499998569488534 24.250000000000004 328.75000000000006 319.55000305175787 1.0000000180025095e-35 11.449999809265138 1.0000000180025095e-35 1.0000000180025095e-35 17.550000190734867 26.250000000000004 35.149999618530281 1.0000000180025095e-35 23.849999427795414
decision_type=2 2 2 2 2 2 2 2 2 2 2 2 2 2 2 2 2 2 2 2 2 2 2 2 2 2 2 2 2 2
left_child=3 2 11 5 14 10 23 22 -8 28 15 17 13 -9 21 -1 -11 -2 19 -7 -14 -3 29 -4 -12 -16 -24 -13 -6 -5
right_child=1 4 6 7 9 18 8 12 -10 16 24 27 20 -15 25 -17 -18 -19 -20 -21 -22 -23 26 -25 -26 -27 -28 -29 -30 -31
leaf_value=0.0090699422660423905 0.01612580408269099 0.0071724910508292649 0.010748165735979302 0.0082261791025653435 0.0056063613305470123 0.0049960315616649981 0.010017585858216958 0.0030230136828163145 0.00321911223507105 0.0012800831352062373 -0.0011257576677106314 0.022831374194204248 -0.0022872442843737133 -0.0013519788732667215 0.0070873814725927343 0.0035835472353750856 -0.00083509346623833578 0.0093036502977961056 -0.0019773324411035366 -0.0018671325644358098 -0.0013577057683315263 0.015465283520466392 0.0028890088372365611 0.019530654020141074 0.007287503698930259 0.0026658983629949682 -0.003623669490339888 0.014880575460526669 0.012827533207317932 0.0015085842019524772
leaf_weight=8706 3721 9063 6095 2320 5270 5354 6747 26067 30069 81004 5798 1466 133168 67927 2030 9477 48034 12958 19407 5122 382885 1196 7653 790 790 14277 877 753 652 324
leaf_count=8706 3721 9063 6095 2320 5270 5354 6747 26067 30069 81004 5798 1466 133168 67927 2030 9477 48034 12958 19407 5122 382885 1196 7653 790 790 14277 877 753 652 324
internal_value=-1.98889e-11 0.00315894 0.00751705 -0.00104753 0.00146996 0.00166439 0.00561368 -0.00128612 0.00446502 0.000751986 0.00452764 0.0119185 -0.00137279 -0.000138679 0.00511741 0.00621043 0.000492715 0.0108256 -0.000709058 0.00164044 -0.00159757 0.00813927 0.00344596 0.0117559 -0.000116881 0.00321631 0.00221942 0.0201333 0.0064014 0.00740299
internal_weight=900000 224125 62599 675875 161526 54654 43701 621221 36816 134960 24771 18898 610047 93994 26566 18183 129038 16679 29883 10476 516053 10259 11174 6885 6588 16307 8530 2219 5922 2644
internal_count=900000 224125 62599 675875 161526 54654 43701 621221 36816 134960 24771 18898 610047 93994 26566 18183 129038 16679 29883 10476 516053 10259 11174 6885 6588 16307 8530 2219 5922 2644
is_linear=0
shrinkage=0.1


Tree=33
num_leaves=31
num_cat=0
split_feature=5 2 1 1 2 0 4 4 3 0 3 0 4 0 1 4 0 4 1 3 0 0 0 0 1 3 6 1 1 3
split_gain=241.232 138.845 42.0148 39.862 39.0416 38.9929 27.9047 24.3441 23.7667 20.3325 19.9525 18.715 11.9759 54.2977 11.8276 10.3331 24.597 10.0583 9.71784 9.24466 8.50591 8.03465 6.50355 6.32703 6.04763 5.69668 4.77326 4.19036 2.29755 2.28983
threshold=1.0000000180025095e-35 28.650000572204593 47.549999237060554 8.1500000953674334 10.150000095367433 179.55000305175784 1.0000000180025095e-35 1.0000000180025095e-35 21.250000000000004 102.35000228881837 13.050000190734865 18.44999980926514 1.0000000180025095e-35 352.94999694824224 41.049999237060554 1.0000000180025095e-35 402.34999084472662 1.0000000180025095e-35 11.449999809265138 5.5499999523162851 357.44999694824224 367.05000305175787 460.05000305175787 235.94999694824222 9.3499999046325701 16.250000000000004 14.500000000000002 15.34999990463257 43.049999237060554 17.650000572204593
decision_type=2 2 2 2 2 2 2 2 2 2 2 2 2 2 2 2 2 2 2 2 2 2 2 2 2 2 2 2 2 2
left_child=4 3 6 17 5 10 8 9 -3 -5 14 27 20 -14 -1 24 -17 19 -12 -2 -13 25 -8 -9 -7 -4 -23 29 -29 -6
right_child=1 2 21 7 11 15 22 23 -10 -11 18 12 13 -15 -16 16 -18 -19 -20 -21 -22 26 -24 -25 -26 -27 -28 28 -30 -31
leaf_value=0.007466873583217651 0.015113121065424326 0.0034971251087433986 -0.0026251665179973962 0.0089422842291956121 0.0063049690343382862 0.0012877725200313083 0.010666237639409345 0.015534323031110082 -0.00069708436995050518 0.0035751840488011631 0.0046467422979518738 -0.0020440799976342771 0.0042910163038213881 -0.001820888964660582 -0.0014949468818553488 0.0098148227263010132 -0.0052021615681917275 0.018877957930449149 -0.0013587840122812568 0.0089273561382159968 -0.0011701926906029457 -0.021204557364701102 0.0052359503110613681 0.0086395107081217951 -0.0018545021758133527 -0.012131403946705505 2.9436879508803528e-05 0.0018378238932634195 -0.003884931494649406 0.0018830329160592898
leaf_weight=14280 3324 48508 2582 8962 3683 7792 5005 2511 18726 33232 4485 160047 20470 50137 1642 2754 1806 1677 6749 8845 366294 106 3943 2832 28627 834 83038 4563 829 1717
leaf_count=14280 3324 48508 2582 8962 3683 7792 5005 2511 18726 33232 4485 160047 20470 50137 1642 2754 1806 1677 6749 8845 366294 106 3943 2832 28627 834 83038 4563 829 1717
internal_value=-2.31803e-11 0.00284305 0.00131445 0.00689575 -0.000942774 0.00132711 0.00302716 0.00552044 0.00232895 0.00471516 0.00426581 -0.00119726 -0.00127187 -4.89584e-05 0.00654266 -0.000620308 0.00386731 0.0116176 0.00103883 0.010617 -0.00143592 -0.000192919 0.00827334 0.0118798 -0.0011822 -0.00494607 2.36573e-06 0.00292993 0.000957971 0.00489896
internal_weight=900000 224125 162742 61383 675875 68135 76182 47537 67234 42194 27156 607740 596948 70607 15922 40979 4560 13846 11234 12169 526341 86560 8948 5343 36419 3416 83144 10792 5392 5400
internal_count=900000 224125 162742 61383 675875 68135 76182 47537 67234 42194 27156 607740 596948 70607 15922 40979 4560 13846 11234 12169 526341 86560 8948 5343 36419 3416 83144 10792 5392 5400
is_linear=0
shrinkage=0.1


Tree=34
num_leaves=31
num_cat=0
split_feature=5 1 2 1 3 0 4 2 3 4 3 0 0 0 0 1 3 1 0 1 4 3 0 3 3 0 3 3 4 2
split_gain=195.398 117.087 43.3146 34.2923 51.0608 57.7022 60.423 31.2403 27.2363 20.8925 18.7377 11.2687 9.24498 8.19836 7.61804 7.54899 7.17525 7.47116 5.98473 34.8081 31.1009 5.65982 5.65501 5.21382 3.8245 2.84146 2.62637 1.09232 0.785428 1.1702
threshold=1.0000000180025095e-35 21.750000000000004 10.550000190734865 17.150000572204593 16.650000572204593 310.25000000000006 1.0000000180025095e-35 12.84999990463257 4.0499999523162851 1.0000000180025095e-35 5.1499998569488534 22.150000572204593 57.95000076293946 235.94999694824222 422.34999084472662 46.049999237060554 20.650000572204593 43.049999237060554 310.25000000000006 41.049999237060554 1.0000000180025095e-35 25.050000190734867 219.34999847412112 4.0499999523162851 26.050000190734867 396.84999084472662 11.750000000000002 30.050000190734867 1.0000000180025095e-35 18.44999980926514
decision_type=2 2 2 2 2 2 2 2 2 2 2 2 2 2 2 2 2 2 2 2 2 2 2 2 2 2 2 2 2 2
left_child=3 2 13 4 5 6 -1 16 14 -10 15 -12 24 23 -4 -9 17 -3 19 20 -5 -14 -21 -2 -6 -7 -15 -18 -20 -30
right_child=1 7 8 18 12 25 -8 10 9 -11 11 -13 21 26 -16 -17 27 -19 28 22 -22 -23 -24 -25 -26 -27 -28 -29 29 -31
leaf_value=0.0022430001423929292 0.018516147463882412 0.0091830761847218733 0.011015192294555378 -0.0016267393296455761 0.0025648935122025971 -0.00017753161415350014 0.011242436016592403 0.0056670120477037168 0.0029755152668805474 0.0095895694755223568 0.010137818167866644 4.7663211028105242e-05 -0.0016795798596945526 0.010129699454094769 0.0050029430730144653 0.0016321707976862704 0.0014975555846190481 0.003974163050024032 -0.0010379779749155472 -0.00634321507174632 0.0046190616347468513 -0.0038493857317367271 -0.0032044183028025891 0.011978474732745664 -0.0022943018814237793 -0.0019590308610553824 0.0054557786264717613 -0.0039801166138931877 -0.0032119933165148623 -0.0013294168638870241
leaf_weight=64698 1511 5781 7670 69775 5534 13114 8433 8821 41206 5402 1117 121509 29825 2648 2906 9776 1507 5258 352176 15843 9001 20139 9001 6331 2290 28217 2202 480 3568 44261
leaf_count=64698 1511 5781 7670 69775 5534 13114 8433 8821 41206 5402 1117 121509 29825 2648 2906 9776 1507 5258 352176 15843 9001 20139 9001 6331 2290 28217 2202 480 3568 44261
internal_value=-3.59952e-12 0.00255874 0.00595466 -0.000848497 0.00036948 0.00159283 0.00328076 0.00102036 0.0047817 0.0037421 0.00058815 0.000139574 -0.00205365 0.0112394 0.00936319 0.00354599 0.00570627 0.00670201 -0.00126507 -0.00194237 -0.00091309 -0.00255416 -0.00520603 0.0132382 0.00114266 -0.00139378 0.00800764 0.000174313 -0.00108962 -0.00146986
internal_weight=900000 224125 69876 675875 172250 114462 73131 154249 57184 46608 141223 122626 57788 12692 10576 18597 13026 11039 503625 103620 78776 49964 24844 7842 7824 41331 4850 1987 400005 47829
internal_count=900000 224125 69876 675875 172250 114462 73131 154249 57184 46608 141223 122626 57788 12692 10576 18597 13026 11039 503625 103620 78776 49964 24844 7842 7824 41331 4850 1987 400005 47829
is_linear=0
shrinkage=0.1


Tree=35
num_leaves=31
num_cat=0
split_feature=5 0 3 2 4 0 3 0 3 1 1 0 3 1 2 4 0 2 4 3 0 0 0 4 3 1 4 0 4 1
split_gain=158.272 97.9346 37.759 32.0626 44.3041 55.6869 32.0235 38.8983 25.5561 22.767 21.1753 17.1354 16.5159 14.9421 14.4519 10.91 9.85871 20.0516 14.7933 7.49681 7.14792 6.1116 3.02372 2.79615 2.59349 2.49402 2.43972 2.05292 0.77671 0.880392
threshold=1.0000000180025095e-35 269.75000000000006 11.750000000000002 30.150000572204593 1.0000000180025095e-35 381.65000915527349 16.050000190734867 239.94999694824222 3.6499999761581425 39.149999618530281 42.049999237060554 25.750000000000004 24.050000190734867 5.7500000000000009 12.84999990463257 1.0000000180025095e-35 296.65000915527349 44.45000076293946 1.0000000180025095e-35 23.250000000000004 54.45000076293946 481.84999084472662 50.649999618530281 1.0000000180025095e-35 23.650000572204593 6.6499998569488534 1.0000000180025095e-35 422.34999084472662 1.0000000180025095e-35 13.550000190734865
decision_type=2 2 2 2 2 2 2 2 2 2 2 2 2 2 2 2 2 2 2 2 2 2 2 2 2 2 2 2 2 2
left_child=3 2 11 4 6 9 7 -1 21 -6 12 25 -4 24 -13 -15 17 18 -5 -19 -8 26 -12 -23 -10 -2 -3 -7 -18 -30
right_child=1 8 10 16 5 27 20 -9 13 -11 22 14 -14 15 -16 -17 28 19 -20 -21 -22 23 -24 -25 -26 -27 -28 -29 29 -31
leaf_value=0.0025000975796364128 0.020393467168336742 0.0062767067968285311 0.0055271683984354112 -0.0011642479992460934 0.0092992731453622954 0.00077965540531190782 0.0006419494114140124 -0.0010673260913143887 0.0062068741939282253 -0.0019105307983490801 0.0022602847611251863 0.010987165890400883 0.00014577828107868835 7.0333858502680101e-06 0.005933315481984976 0.0027517202137787972 -0.00093414849416579421 -0.0029371815338408895 0.0049345505588052237 -0.0062191431706952148 -0.0028241337346636875 0.0025391798145337568 -0.0063538498204133631 0.0075110957432256631 0.0014631493277179385 0.013650887309252022 0.012246587441317163 -0.0040614781519187756 -0.0028068323534141335 -0.0012372393167703508
leaf_weight=59037 714 5983 20776 34944 13444 1046 6899 63376 5246 2094 490 7876 7861 120752 20094 16456 345362 41098 4488 8379 43244 9556 2420 1283 1477 2368 773 5388 3896 43180
leaf_count=59037 714 5983 20776 34944 13444 1046 6899 63376 5246 2094 490 7876 7861 120752 20094 16456 345362 41098 4488 8379 43244 9556 2420 1283 1477 2368 773 5388 3896 43180
internal_value=-3.33877e-11 0.00230287 0.00566071 -0.000763647 0.000319792 0.00454902 -0.000218727 0.000653161 0.00100154 0.00778857 0.00322407 0.0081362 0.00404995 0.000561755 0.00735642 0.000336217 -0.0012015 -0.00215231 -0.000470106 -0.00349299 -0.00234725 0.00459911 -0.00490336 0.0031277 0.00516471 0.0152129 0.00695976 -0.00327444 -0.000986089 -0.00136714
internal_weight=900000 224125 62599 675875 194528 21972 172556 122413 161526 15538 31547 31052 28637 143931 27970 137208 481347 88909 39432 49477 50143 17595 2910 10839 6723 3082 6756 6434 392438 47076
internal_count=900000 224125 62599 675875 194528 21972 172556 122413 161526 15538 31547 31052 28637 143931 27970 137208 481347 88909 39432 49477 50143 17595 2910 10839 6723 3082 6756 6434 392438 47076
is_linear=0
shrinkage=0.1


Tree=36
num_leaves=31
num_cat=0
split_feature=5 2 1 1 4 0 2 1 0 3 3 0 3 0 0 3 0 2 0 0 3 3 2 0 2 4 4 2 3 1
split_gain=128.2 84.2308 34.8977 28.6203 24.3596 23.8756 20.2072 19.5427 15.6439 12.0503 11.7442 23.8429 10.3982 10.2357 9.83573 8.45916 14.1178 7.66285 7.57431 7.12601 6.73084 3.1164 3.04673 2.71421 2.61214 2.02413 1.94801 0.688711 0.670143 0.644103
threshold=1.0000000180025095e-35 36.149999618530281 5.7500000000000009 5.1499998569488534 1.0000000180025095e-35 167.84999847412112 6.3500001430511483 5.1499998569488534 14.84999990463257 3.0499999523162846 4.9500000476837167 207.44999694824222 4.5499999523162851 274.34999084472662 25.750000000000004 12.750000000000002 333.75000000000006 15.750000000000002 25.750000000000004 412.15000915527349 23.650000572204593 28.650000572204593 7.5499999523162851 454.75000000000006 42.250000000000007 1.0000000180025095e-35 1.0000000180025095e-35 13.84999990463257 18.44999980926514 44.549999237060554
decision_type=2 2 2 2 2 2 2 2 2 2 2 2 2 2 2 2 2 2 2 2 2 2 2 2 2 2 2 2 2 2
left_child=3 2 18 5 6 12 -4 21 22 23 11 -10 24 -12 -11 16 -7 -14 27 -6 -20 26 29 -9 -1 -24 -3 -2 -17 -5
right_child=1 7 4 8 19 15 -8 9 10 14 13 -13 17 -15 -16 28 -18 -19 20 -21 -22 -23 25 -25 -26 -27 -28 -29 -30 -31
leaf_value=0.0094803933436243513 0.021624927833147442 0.0056591038849543168 0.0071266017801215392 0.0081304565357313667 0.011285011164245812 0.0041533424351284619 0.0022649722715830491 0.0057535919457849076 0.0026877788933013774 0.0083119662269518883 -0.0019602258744424225 -0.00086251053828612307 0.0060111954323370312 -0.00089204944924537529 7.4676525422276842e-05 -0.0010508180039569303 -0.0014513634340779825 0.0014458265975709264 0.010075598580248653 0.0042552886913860034 0.0029921251992281713 -0.0013875264564651968 0.0018864649892472653 0.0024326053952463613 0.0039559326369208109 0.0070754481423790528 0.010837448243752656 0.016089309450382446 -0.0024383752722776696 -1.0489793494343759e-05
leaf_weight=3683 405 6028 10502 1306 5216 8764 45986 3977 25556 1466 115807 72805 5428 398048 129304 5468 9225 11394 9320 1993 1567 574 6748 6456 1115 846 826 505 9577 105
leaf_count=3683 405 6028 10502 1306 5216 8764 45986 3977 25556 1466 115807 72805 5428 398048 129304 5468 9225 11394 9320 1993 1567 574 6748 6456 1115 846 826 505 9577 105
internal_value=-1.47354e-11 0.00207258 0.0047927 -0.000687283 0.00386743 0.00150662 0.00316883 0.00069095 -0.000880298 0.000427953 -0.000941159 5.99201e-05 0.00409018 -0.00113278 0.000167021 -0.000184269 0.00127917 0.00291895 0.00978863 0.00934157 0.00905605 0.00569041 0.00325741 0.00369855 0.00819657 0.00246454 0.00628316 0.018553 -0.00193408 0.00752465
internal_weight=900000 224125 75494 675875 63697 54654 56488 148631 621221 141203 612216 98361 21620 513855 130770 33034 17989 16822 11797 7209 10887 7428 9005 10433 4798 7594 6854 910 15045 1411
internal_count=900000 224125 75494 675875 63697 54654 56488 148631 621221 141203 612216 98361 21620 513855 130770 33034 17989 16822 11797 7209 10887 7428 9005 10433 4798 7594 6854 910 15045 1411
is_linear=0
shrinkage=0.1


Tree=37
num_leaves=31
num_cat=0
split_feature=5 0 3 2 0 0 2 2 0 0 3 4 1 3 1 0 3 4 1 0 3 4 4 3 3 3 3 4 1 3
split_gain=103.842 72.2551 30.9585 25.9587 22.5686 21.1851 16.725 14.0076 13.2979 13.0248 12.4648 10.7045 10.6375 9.50881 20.561 14.326 9.48581 6.22841 6.00864 9.2045 4.39648 4.00359 3.19596 3.12386 2.88254 2.62657 2.41823 1.89381 1.5926 1.42687
threshold=1.0000000180025095e-35 167.84999847412112 5.5499999523162851 7.5499999523162851 187.15000152587893 22.150000572204593 9.2500000000000018 11.449999809265138 481.84999084472662 22.150000572204593 13.150000095367433 1.0000000180025095e-35 40.549999237060554 7.1499998569488534 25.150000572204593 274.34999084472662 13.750000000000002 1.0000000180025095e-35 13.250000000000002 328.75000000000006 3.0499999523162846 1.0000000180025095e-35 1.0000000180025095e-35 18.050000190734867 26.250000000000004 13.34999990463257 1.6500000357627871 1.0000000180025095e-35 6.0499999523162851 9.0500001907348651
decision_type=2 2 2 2 2 2 2 2 2 2 2 2 2 2 2 2 2 2 2 2 2 2 2 2 2 2 2 2 2 2
left_child=3 5 8 4 12 23 21 22 17 20 -8 -9 16 14 -11 -15 -1 -3 19 -6 -5 -7 -4 27 -22 -14 -10 -2 -25 -20
right_child=1 2 7 9 18 6 10 11 26 13 -12 -13 25 15 -16 -17 -18 -19 29 -21 24 -23 -24 28 -26 -27 -28 -29 -30 -31
leaf_value=0.0065703676555867287 0.012251257704481822 0.0052003381836677205 0.0032565042568750389 0.0067162360454733469 0.0049998977459704361 0.0083122317126820677 0.0056811765238025582 -0.00016029371773193784 0.0036939663867058756 0.0011810718094014809 0.0014461675385775824 0.0025259746489481576 -0.00044231724526606051 -0.0021388411827616689 -0.001262788409940517 -0.0007919890883252385 0.0020184685229462495 0.011396078020902419 -0.00030794312013204047 -0.0014755462740539136 0.002094746197735059 0.015698430351337871 0.0086080250588407153 0.013788654686267852 -0.0027807105367490888 -0.008261355214444906 0.001045002981438404 0.019256373515630934 0.0060990640783002738 -0.0019564163131291466
leaf_weight=11593 3421 13897 9702 1897 4692 6058 14907 124010 4947 63902 13020 16850 1360 100232 74635 372368 7566 1837 10401 4125 10501 835 1261 344 1371 628 11360 435 1241 10604
leaf_count=11593 3421 13897 9702 1897 4692 6058 14907 124010 4947 63902 13020 16850 1360 100232 74635 372368 7566 1837 10401 4125 10501 835 1261 344 1371 628 11360 435 1241 10604
internal_value=3.8908e-12 0.00186532 0.00102512 -0.000618554 0.00155146 0.00570235 0.00479558 0.000429013 0.00384972 -0.000795547 0.00370675 0.000161044 0.00405033 -0.000864073 -0.000135526 -0.00107764 0.0047728 0.00592371 -0.000220504 0.00197039 0.00224601 0.00920698 0.00387205 0.0115053 0.00153172 -0.00291232 0.00184861 0.0130415 0.00776797 -0.00114015
internal_weight=900000 224125 183864 675875 50969 40261 34820 151823 32041 624906 27927 140860 21147 611137 138537 472600 19159 15734 29822 8817 13769 6893 10963 5441 11872 1988 16307 3856 1585 21005
internal_count=900000 224125 183864 675875 50969 40261 34820 151823 32041 624906 27927 140860 21147 611137 138537 472600 19159 15734 29822 8817 13769 6893 10963 5441 11872 1988 16307 3856 1585 21005
is_linear=0
shrinkage=0.1


Tree=38
num_leaves=31
num_cat=0
split_feature=5 1 2 4 0 3 1 2 1 4 2 3 0 4 1 3 1 2 0 3 3 0 0 3 3 2 0 3 4 0
split_gain=84.1122 64.4582 22.113 37.8217 44.9805 22.9032 29.0976 21.0277 20.155 19.1386 16.467 12.3248 11.6692 12.7278 14.9077 10.8975 9.1531 9.05966 6.33591 5.3669 5.02944 4.57728 4.42966 3.57434 1.8711 1.78145 1.50287 1.45557 0.770618 0.65671
threshold=1.0000000180025095e-35 16.849999427795414 33.649999618530281 1.0000000180025095e-35 381.65000915527349 17.44999980926514 22.150000572204593 11.449999809265138 38.149999618530281 1.0000000180025095e-35 14.34999990463257 7.6499998569488534 278.75000000000006 1.0000000180025095e-35 36.45000076293946 23.650000572204593 46.049999237060554 44.45000076293946 18.44999980926514 25.050000190734867 3.8500000238418584 235.94999694824222 75.950000762939467 3.0499999523162846 9.2500000000000018 35.149999618530281 417.05000305175787 8.4499998092651385 1.0000000180025095e-35 721.85000610351574
decision_type=2 2 2 2 2 2 2 2 2 2 2 2 2 2 2 2 2 2 2 2 2 2 2 2 2 2 2 2 2 2
left_child=2 9 3 5 8 6 -1 22 -5 10 20 16 13 17 -15 -12 -9 -4 -13 -7 -2 25 27 -24 -23 -11 -6 -3 -14 -30
right_child=1 7 12 4 26 19 -8 11 -10 21 15 18 28 14 -16 -17 -18 -19 -20 -21 -22 24 23 -25 -26 -27 -28 -29 29 -31
leaf_value=0.0018604736651920166 0.011276717643120673 0.012291708873204068 -0.0010472344885558327 0.0082213120180181891 0.0010604540746794997 -0.0012238003054240289 -0.0010005215727242713 0.003690035796266053 -0.0015765393027060211 0.01384551053409435 0.003662691535415671 0.0073059248857453704 -0.00067590928247245931 0.0032158237101713597 -0.0086941809986414535 -0.0009164955576472961 0.00029312731780884718 -0.0034917537234153816 -0.00016472787546241061 -0.0033834350502812307 0.0061284910040953801 0.0097948080311159261 0.0075321938185671893 0.0029093929656312059 0.0048457025137772251 0.0090482718289199605 -0.0031552046772811804 0.0066977930110728419 -0.0016726650529267587 -0.00085905104103690434
leaf_weight=71890 2340 734 24156 14570 977 29094 70322 17085 2453 2265 30700 1146 341244 7361 1226 6256 14807 40714 121031 19036 10037 1317 2003 10139 1819 1176 6290 1270 14337 32205
leaf_count=71890 2340 734 24156 14570 977 29094 70322 17085 2453 2265 30700 1146 341244 7361 1226 6256 14807 40714 121031 19036 10037 1317 2003 10139 1819 1176 6290 1270 14337 32205
internal_value=-2.19054e-11 0.00167879 -0.000556699 0.00028181 0.00399782 -0.000192399 0.000445748 0.000701089 0.00680945 0.00462037 0.00394483 0.000362305 -0.000946886 -0.00210256 0.00151539 0.00288752 0.0021129 -0.00258147 -9.46544e-05 -0.00207796 0.00710182 0.00968754 0.0043909 0.00367199 0.00692414 0.012206 -0.00258844 0.00874666 -0.00072797 -0.00110968
internal_weight=900000 224125 675875 214632 24290 190342 142212 168215 17023 55910 49333 154069 461243 73457 8587 36956 31892 64870 122177 48130 12377 6577 14146 12142 3136 3441 7267 2004 387786 46542
internal_count=900000 224125 675875 214632 24290 190342 142212 168215 17023 55910 49333 154069 461243 73457 8587 36956 31892 64870 122177 48130 12377 6577 14146 12142 3136 3441 7267 2004 387786 46542
is_linear=0
shrinkage=0.1


Tree=39
num_leaves=31
num_cat=0
split_feature=5 1 3 1 1 0 0 0 3 2 0 2 0 3 2 0 0 3 3 3 4 3 4 0 2 1 4 3 3 3
split_gain=68.1309 54.13 25.1211 23.1447 20.6608 18.3372 16.7578 13.3167 12.7561 11.2302 11.5641 10.5132 10.0737 9.70759 8.87745 7.84953 7.08149 5.81669 5.69094 3.9746 3.06407 2.94908 2.72478 11.9903 2.58971 2.2726 1.82005 1.73739 1.44032 0.878269
threshold=1.0000000180025095e-35 10.550000190734865 23.050000190734867 47.549999237060554 4.2500000000000009 248.34999847412112 68.750000000000014 47.049999237060554 23.050000190734867 5.1499998569488534 175.75000000000003 42.250000000000007 605.04998779296886 23.44999980926514 7.5499999523162851 11.150000095367433 367.05000305175787 5.5499999523162851 3.4500000476837163 29.44999980926514 1.0000000180025095e-35 13.150000095367433 1.0000000180025095e-35 422.34999084472662 8.4499998092651385 3.0499999523162846 1.0000000180025095e-35 2.0499999523162846 6.5499999523162851 3.2500000000000004
decision_type=2 2 2 2 2 2 2 2 2 2 2 2 2 2 2 2 2 2 2 2 2 2 2 2 2 2 2 2 2 2
left_child=4 7 3 6 5 8 -3 25 11 10 17 -1 20 14 -9 27 -5 -6 -17 -14 -4 -12 -7 -24 -10 29 -15 -11 -27 -2
right_child=1 2 12 16 9 22 -8 13 24 15 21 -13 19 26 -16 18 -18 -19 -20 -21 -22 -23 23 -25 -26 28 -28 -29 -30 -31
leaf_value=0.0056804914068910983 0.019530800049634981 0.0070845433679758169 -0.0037970135370365126 -0.0029099711798767341 0.0074331669474767192 -0.0010849071234334418 0.0022948946023942747 0.0096874193946383056 0.0039061773262665835 0.0078126818441736651 0.00062779649152148445 0.00054979059822139568 0.0013704420364152523 -0.00016155447315299051 0.004411759393137568 0.00010173206955698869 0.00051561869339669837 0.0023605536558183905 -0.00089014846417076628 -0.00059633347866040601 0.0010932411439891923 -0.0019717126728674142 0.0095213406408099135 -0.0050756378753004216 -0.0029012888044682487 0.012256906109484707 0.0055396724581654273 0.0022243522262290895 0.0074131993056658647 0.012705603428273357
leaf_weight=15592 233 8266 11246 7074 3096 17988 62821 3703 670 617 12425 5369 13566 4794 23005 64950 41074 8377 528781 42356 1446 6727 1187 1070 3368 878 634 5658 2041 988
leaf_count=15592 233 8266 11246 7074 3096 17988 62821 3703 670 617 12425 5369 13566 4794 23005 64950 41074 8377 528781 42356 1446 6727 1187 1070 3368 878 634 5658 2041 988
internal_value=-1.15649e-11 0.00151091 0.000827976 0.00170522 -0.000501029 0.00156315 0.00285184 0.00504737 0.00337484 -0.000649122 0.00121875 0.0043663 -0.000696465 0.00435968 0.00514322 -0.00074446 1.23242e-05 0.0037294 -0.000781644 -0.000119218 -0.00323987 -0.000285262 -0.000673964 0.0026012 -0.00177177 0.0103854 0.000504359 0.00277383 0.00887013 0.014008
internal_weight=900000 224125 187849 119235 675875 45244 71087 36276 24999 630631 30625 20961 68614 32136 26708 600006 48148 11473 593731 55922 12692 19152 20245 2257 4038 4140 5428 6275 2919 1221
internal_count=900000 224125 187849 119235 675875 45244 71087 36276 24999 630631 30625 20961 68614 32136 26708 600006 48148 11473 593731 55922 12692 19152 20245 2257 4038 4140 5428 6275 2919 1221
is_linear=0
shrinkage=0.1


Tree=40
num_leaves=31
num_cat=0
split_feature=5 2 1 0 1 0 4 4 2 0 3 3 2 0 0 0 3 3 3 1 4 0 3 4 3 3 0 4 0 0
split_gain=55.186 44.9682 17.193 17.124 16.7401 12.7999 12.3499 11.1263 10.5203 10.2692 9.7075 9.01265 8.05085 7.60136 7.56466 7.3886 6.37095 5.61203 5.31674 3.47221 3.00814 2.61392 2.60458 2.25149 1.96212 1.93529 1.83844 0.925117 7.06305 0.872392
threshold=1.0000000180025095e-35 28.150000572204593 5.1499998569488534 102.35000228881837 3.0499999523162846 274.34999084472662 1.0000000180025095e-35 1.0000000180025095e-35 5.1499998569488534 179.55000305175784 5.1499998569488534 23.050000190734867 43.350000381469734 504.84999084472662 29.550000190734867 14.84999990463257 8.0500001907348651 2.6499999761581425 24.250000000000004 8.1500000953674334 1.0000000180025095e-35 407.25000000000006 3.4500000476837163 1.0000000180025095e-35 1.4499999880790713 28.650000572204593 65.149997711181655 1.0000000180025095e-35 381.65000915527349 438.05000305175787
decision_type=2 2 2 2 2 2 2 2 2 2 2 2 2 2 2 2 2 2 2 2 2 2 2 2 2 2 2 2 2 2
left_child=4 3 22 16 5 11 10 14 9 18 -5 12 -1 -9 -4 24 23 -17 -6 -18 -11 -8 29 -2 -10 -24 -13 -7 -29 -3
right_child=1 2 7 6 8 27 21 13 15 20 -12 26 -14 -15 -16 17 19 -19 -20 -21 -22 -23 25 -25 -26 -27 -28 28 -30 -31
leaf_value=0.005604567631923677 0.0088494194897659369 0.0098095033659149917 0.0055948710861926472 0.0047199619349252153 0.0042462771820586378 -0.00095880471359779105 0.0088666131483738312 0.0057316453524466271 0.0078031136638528056 -0.00065584962925306525 0.0012526150919397502 0.0024534952712121222 0.00045270600624678395 0.0012570046166870633 -0.00016470804576876634 0.00030829030374023659 0.0082920922524053423 -0.00078960373536382316 -0.0020940009761947881 0.0039525722662532084 0.0032842901616271813 0.0040864331812802161 0.0044056967689645949 0.015361965275915582 0.0018230650645365333 -0.0010186623038105859 -0.0030321329054662509 0.010910466955218981 -0.0034641225188826417 0.0045815038469932245
leaf_weight=12283 4331 1142 2320 11038 10809 11564 3567 5336 588 17366 30074 837 4028 13158 133539 50848 2574 551912 1507 6500 2181 1684 7089 605 8204 725 2262 533 953 443
leaf_count=12283 4331 1142 2320 11038 10809 11564 3567 5336 588 17366 30074 837 4028 13158 133539 50848 2574 551912 1507 6500 2181 1684 7089 605 8204 725 2262 533 953 443
internal_value=7.56466e-12 0.00135982 0.000499746 0.00369263 -0.000450926 0.00176481 0.00276684 0.000246894 -0.000562709 0.0012088 0.00218355 0.00339306 0.00433232 0.00254805 -6.63544e-05 -0.000655008 0.00675634 -0.000696987 0.00347047 0.00518355 -0.00021622 0.00733361 0.00465215 0.00964765 0.002223 0.00390241 -0.00155054 -0.000656984 0.00169177 0.0083483
internal_weight=900000 224125 163752 60373 675875 32460 46363 154353 643415 31863 41112 19410 16311 18494 135859 611552 14010 602760 12316 9074 19547 5251 9399 4936 8792 7814 3099 13050 1486 1585
internal_count=900000 224125 163752 60373 675875 32460 46363 154353 643415 31863 41112 19410 16311 18494 135859 611552 14010 602760 12316 9074 19547 5251 9399 4936 8792 7814 3099 13050 1486 1585
is_linear=0
shrinkage=0.1


Tree=41
num_leaves=31
num_cat=0
split_feature=5 1 2 3 2 1 0 3 0 0 0 0 0 2 3 0 0 3 4 0 0 3 4 0 3 0 3 2 4 1
split_gain=44.7007 38.7207 24.8395 15.709 14.424 23.2746 22.0242 27.4233 9.91785 7.26744 5.33305 4.73924 4.09614 3.57405 3.56705 5.91877 3.67732 3.44805 3.42033 18.4055 10.7396 3.05676 2.67807 2.23634 1.42646 1.35388 1.326 1.27435 1.27206 1.22115
threshold=1.0000000180025095e-35 7.2500000000000009 8.4499998092651385 3.8500000238418584 16.650000572204593 22.849999427795414 333.75000000000006 10.550000190734865 32.750000000000007 195.25000000000003 449.05000305175787 11.150000095367433 43.350000381469734 36.649999618530281 16.44999980926514 156.25000000000003 244.05000305175784 13.34999990463257 1.0000000180025095e-35 183.44999694824222 348.05000305175787 27.849999427795414 1.0000000180025095e-35 417.05000305175787 2.0499999523162846 422.34999084472662 28.650000572204593 5.5499999523162851 1.0000000180025095e-35 2.4500000476837163
decision_type=2 2 2 2 2 2 2 2 2 2 2 2 2 2 2 2 2 2 2 2 2 2 2 2 2 2 2 2 2 2
left_child=4 9 12 10 5 6 7 -1 -5 13 -4 24 28 22 15 -7 -16 23 20 -20 -13 -14 -2 -11 -6 -8 -15 -19 -3 -26
right_child=1 2 3 8 11 14 25 -9 -10 17 -12 18 21 26 16 -17 -18 27 19 -21 -22 -23 -24 -25 29 -27 -28 -29 -30 -31
leaf_value=0.0054300295905912628 0.0072927083165284781 0.0086263189123880046 0.0045829788505490068 0.0048848489533880532 0.007277188199696704 0.0017521880694195827 -0.00048720715183695807 0.00061216913001272116 -2.5508702496373573e-05 0.0061185252912328405 0.0014223767299304209 -0.0014892805800317275 0.0045298984783492769 0.004556317505485837 -0.0044842263374202211 -0.0011957120045736991 -0.00092318541228633667 0.0066646894810134406 0.0041087051227744996 -0.00064513193763359486 -0.00044302441336363215 -0.0015530019566075397 0.012940931322294064 0.0026646154466804608 0.0071696497214627985 -0.0024712763089644509 -0.0044302224464723948 0.0011966195571551028 0.017738775029762507 0.0013332467704385573
leaf_weight=23148 6886 1281 10571 4223 524 8917 6345 24130 158355 4817 10786 135126 12616 3226 5188 28837 6575 461 9503 56968 358144 884 956 3069 389 7510 173 5647 174 4571
leaf_count=23148 6886 1281 10571 4223 524 8917 6345 24130 158355 4817 10786 135126 12616 3226 5188 28837 6575 461 9503 56968 358144 884 956 3069 389 7510 173 5647 174 4571
internal_value=1.71538e-11 0.00122384 0.000755648 0.00043699 -0.000405833 0.000638272 0.00194356 0.00297106 0.000102039 0.00491388 0.00298677 -0.00061023 0.00467491 0.00680735 -0.000973213 -0.000499457 -0.00249376 0.00339291 -0.000638892 3.44985e-05 -0.000729635 0.00413158 0.00798127 0.00477436 0.00231519 -0.00156266 0.00409893 0.00160932 0.00971606 0.00179098
internal_weight=900000 224125 198890 183935 675875 110650 61133 47278 162578 25235 21357 565225 14955 11241 49517 37754 11763 13994 559741 66471 493270 13500 7842 7886 5484 13855 3399 6108 1455 4960
internal_count=900000 224125 198890 183935 675875 110650 61133 47278 162578 25235 21357 565225 14955 11241 49517 37754 11763 13994 559741 66471 493270 13500 7842 7886 5484 13855 3399 6108 1455 4960
is_linear=0
shrinkage=0.1


Tree=42
num_leaves=31
num_cat=0
split_feature=5 1 3 4 2 1 2 4 0 0 0 3 0 0 0 1 6 0 4 0 0 0 4 3 3 3 1 1 3 1
split_gain=36.2076 33.8008 26.6639 19.9437 16.5595 13.2505 17.2707 17.6999 12.8245 12.4937 8.66067 7.56764 6.46257 4.5806 4.54124 5.81359 4.19775 3.8911 3.66781 19.2137 8.05026 2.54141 1.67646 1.43708 1.4038 1.35512 1.30775 1.28643 1.15686 0.558274
threshold=1.0000000180025095e-35 46.049999237060554 21.650000572204593 1.0000000180025095e-35 5.5499999523162851 8.1500000953674334 40.649999618530281 1.0000000180025095e-35 278.75000000000006 422.34999084472662 367.05000305175787 16.050000190734867 402.34999084472662 11.150000095367433 598.64999389648449 23.150000572204593 14.500000000000002 476.44999694824224 1.0000000180025095e-35 239.94999694824222 261.15000915527349 57.95000076293946 1.0000000180025095e-35 25.250000000000004 2.6499999761581425 27.849999427795414 36.049999237060554 46.549999237060554 1.0500000119209292 23.550000190734867
decision_type=2 2 2 2 2 2 2 2 2 2 2 2 2 2 2 2 2 2 2 2 2 2 2 2 2 2 2 2 2 2
left_child=5 2 3 4 -2 6 7 8 -1 -9 11 22 -5 25 15 -4 -12 -18 20 -20 -15 28 -3 -13 -23 27 -16 -7 -8 -27
right_child=1 10 14 12 -6 13 21 9 -10 -11 16 23 -14 18 26 -17 17 -19 19 -21 -22 24 -24 -25 -26 29 -28 -29 -30 -31
leaf_value=0.002343074720742314 0.0069872576407464292 -0.0023617325392710233 -0.00015056937790189755 0.0087314392560129007 0.0020495186539092598 0.0031235421723594409 0.0094544206073739201 0.008686240207568488 -0.0011556440199131856 -0.0045078142832240611 -0.01933562011851921 -0.0081759385047230643 0.0036113627251517268 -0.0013952625375603304 0.00037066168942417784 -0.0038321591240445944 0.0029784800804152833 -0.00010746770378700864 0.0035412643668974357 -0.00069332800956379789 -0.00044303149442623328 0.00055208396832614505 0.0028656458526414501 -0.01708543457839036 -0.0016337334397856043 -7.74226989040515e-05 0.0028710939813115658 -0.0024749249558136915 0.001136979277012495 -0.0073402547943558485
leaf_weight=32875 7451 5600 13681 7320 76778 5018 177 5345 15377 829 112 1549 3717 114001 4829 6248 4285 87971 13276 55542 401335 3332 689 205 24859 251 3690 447 3028 183
leaf_count=32875 7451 5600 13681 7320 76778 5018 177 5345 15377 829 112 1549 3717 114001 4829 6248 4285 87971 13276 55542 401335 3332 689 205 24859 251 3690 447 3028 183
internal_value=-3.48802e-11 0.00110145 0.00220782 0.00301007 0.00248632 -0.00036525 0.00079574 0.00187317 0.0012281 0.00691464 -0.000261676 -0.00340897 0.00700712 -0.000534114 -0.000478733 -0.0013048 1.23761e-05 3.58648e-05 -0.000562113 0.000123587 -0.000653681 -0.00107202 -0.00178904 -0.00921724 -0.00137538 0.00223851 0.00145372 0.00266563 0.00159632 -0.00313986
internal_weight=900000 224125 123714 95266 84229 675875 85822 54426 48252 6174 100411 8043 11037 590053 28448 19929 92368 92256 584154 68818 515336 31396 6289 1754 28191 5899 8519 5465 3205 434
internal_count=900000 224125 123714 95266 84229 675875 85822 54426 48252 6174 100411 8043 11037 590053 28448 19929 92368 92256 584154 68818 515336 31396 6289 1754 28191 5899 8519 5465 3205 434
is_linear=0
shrinkage=0.1


Tree=43
num_leaves=31
num_cat=0
split_feature=1 5 5 2 0 0 4 3 0 1 4 3 3 0 2 3 0 3 0 3 0 2 3 3 0 0 0 0 4 2
split_gain=31.6526 20.0218 19.0032 20.1755 13.3309 11.3752 11.3243 6.35693 18.317 17.4541 26.0794 17.4089 5.97125 5.42985 4.67022 5.90884 4.4245 4.11621 3.95348 3.51893 3.1118 2.68711 2.38056 1.78919 1.06716 1.06592 0.945756 0.901937 0.684055 0.633979
threshold=4.8500001430511483 1.0000000180025095e-35 1.0000000180025095e-35 9.2500000000000018 50.649999618530281 167.84999847412112 1.0000000180025095e-35 12.550000190734865 269.75000000000006 30.750000000000004 1.0000000180025095e-35 24.849999427795414 26.44999980926514 287.65000915527349 24.250000000000004 9.6500000953674334 36.350000381469734 2.2500000000000004 167.84999847412112 3.4500000476837163 18.44999980926514 14.750000000000002 2.4500000476837163 8.6500000953674334 32.750000000000007 438.05000305175787 438.05000305175787 3.6499999761581425 1.0000000180025095e-35 8.0500001907348651
decision_type=2 2 2 2 2 2 2 2 2 2 2 2 2 2 2 2 2 2 2 2 2 2 2 2 2 2 2 2 2 2
left_child=1 5 7 18 20 12 -6 9 11 10 -2 -9 17 -11 15 -7 27 -1 22 26 -5 -21 -4 -20 -14 -10 -18 -3 -16 -29
right_child=2 16 3 4 6 14 -8 8 25 13 -12 -13 24 -15 28 -17 19 -19 23 21 -22 -23 -24 -25 -26 -27 -28 29 -30 -31
leaf_value=0.007442933913604198 0.00028091536619032548 0.017019919486825959 0.011048805379474225 0.0067927473966134522 -0.0001136208984730899 0.0038776910736085116 0.0023305738866128021 -0.0012266383467260653 -0.00088279398899151216 -0.0021684535635617752 0.0048898124935805396 -0.0047872288683876441 0.0023886775643984369 -0.00053846256996638254 -0.0012495434532356238 -0.00071154540005981585 0.0089499386391099483 0.0029059473171545933 0.0041145916483291091 0.0063470443954768063 0.0027889771434262975 0.0030110179254095211 0.0051288825106963103 0.0015818162655481017 -0.0036460273473627584 -0.00029744988663740903 0.0044626827143940491 0.013726637398040737 0.00059893861470952008 0.0082605139953286673
leaf_weight=2280 105688 170 769 3077 159519 5443 21512 53858 35145 25638 13891 18431 364 100743 17596 5790 1988 16265 5121 3233 5259 9537 5822 6125 1503 270981 615 262 2259 1116
leaf_count=2280 105688 170 769 3077 159519 5443 21512 53858 35145 25638 13891 18431 364 100743 17596 5790 1988 16265 5121 3233 5259 9537 5822 6125 1503 270981 615 262 2259 1116
internal_value=-1.23272e-12 0.00206747 -0.000170109 0.000659714 0.000356869 0.00108693 0.000176824 -0.000445492 -0.000702738 -4.97129e-05 0.000816312 -0.00213446 0.00292106 -0.000869127 -0.00011733 0.00151219 0.00505181 0.00346374 0.00387489 0.00453868 0.00426686 0.0038556 0.00581959 0.00273515 -0.00246947 -0.000364651 0.00788975 0.0101476 -0.00103923 0.00929979
internal_weight=900000 68421 831579 207204 189367 51500 181031 624375 378415 245960 119579 72289 20412 126381 31088 11233 16921 18545 17837 15373 8336 12770 6591 11246 1867 306126 2603 1548 19855 1378
internal_count=900000 68421 831579 207204 189367 51500 181031 624375 378415 245960 119579 72289 20412 126381 31088 11233 16921 18545 17837 15373 8336 12770 6591 11246 1867 306126 2603 1548 19855 1378
is_linear=0
shrinkage=0.1


Tree=44
num_leaves=31
num_cat=0
split_feature=2 4 0 3 1 0 3 1 0 3 1 4 5 0 0 0 1 0 5 6 3 0 4 3 1 0 3 3 4 0
split_gain=27.9084 35.4005 33.2856 22.7378 27.0471 32.8854 17.103 18.3344 8.65192 11.4389 12.8934 12.9246 4.70106 4.60996 3.31499 4.54775 3.20883 2.31647 1.92116 4.81303 4.39121 1.79017 2.79639 1.84336 1.26634 1.01163 1.00468 0.915127 0.562108 0.193581
threshold=37.149999618530281 1.0000000180025095e-35 381.65000915527349 22.250000000000004 30.750000000000004 269.75000000000006 21.849999427795414 40.049999237060554 319.55000305175787 23.050000190734867 40.549999237060554 1.0000000180025095e-35 1.0000000180025095e-35 376.75000000000006 29.550000190734867 269.75000000000006 18.849999427795414 167.84999847412112 1.0000000180025095e-35 14.500000000000002 28.849999427795414 227.44999694824222 1.0000000180025095e-35 28.44999980926514 26.349999427795414 443.55000305175787 6.3500001430511483 4.4500000476837167 1.0000000180025095e-35 1647.350036621094
decision_type=2 2 2 2 2 2 2 2 2 2 2 2 2 2 2 2 2 2 2 2 2 2 2 2 2 2 2 2 2 2
left_child=1 3 6 4 5 -1 7 -3 9 10 11 -2 25 -6 24 -16 -8 -12 27 29 -21 23 -23 -11 -5 -4 -14 -10 -29 -20
right_child=8 2 12 14 13 -7 16 -9 18 21 17 -13 26 -15 15 -17 -18 -19 19 20 -22 22 -24 -25 -26 -27 -28 28 -30 -31
leaf_value=0.0026611643905275419 -0.00077594777774710709 0.0082137232066422181 -6.1985245615630995e-06 0.002395166850585512 -0.0014238798227135772 -0.00042261668765605439 0.0021568166333261504 -0.00021738390454175408 -0.00083820990354796477 -0.0032637245580747947 -0.0056432203720925313 0.0034060060399481343 0.0054627906748638023 5.5101627999647673e-05 -0.0030399899072083227 -0.00083678091186405179 -0.0035242213959206718 -0.0027049725585487042 -0.019437700290338047 0.00058890902336420693 -0.00065282189037291205 -0.0012021722504533443 -0.0084668407248382604 -0.0058147210246125404 -0.002722086810947444 -0.0026678106080793313 0.001346419434760421 -0.00024939603777584277 -0.00064867201645123608 -0.0099474071426532019
leaf_weight=97196 61801 17405 1843 2442 41462 53679 2554 3028 34518 6769 4696 8394 929 42862 20805 17044 1628 6260 124 77240 45113 4422 602 4871 603 6342 1639 293632 40071 26
leaf_count=97196 61801 17405 1843 2442 41462 53679 2554 3028 34518 6769 4696 8394 929 42862 20805 17044 1628 6260 124 77240 45113 4422 602 4871 603 6342 1639 293632 40071 26
internal_value=-2.98467e-12 0.000765476 0.00374417 0.000383901 0.000762307 0.001564 0.00577179 0.0069643 -0.000405098 -0.00126388 -0.000773842 -0.000275865 -0.000897328 -0.000672112 -0.00179248 -0.00204785 -5.474e-05 -0.00396437 -0.000233918 0.000109121 0.000131068 -0.00365031 -0.00207266 -0.00433124 0.0013818 -0.0020685 0.00283556 -0.000348043 -0.000297341 -0.0177927
internal_weight=900000 311461 35368 276093 235199 150875 24615 20433 588539 97815 81151 70195 10753 84324 40894 37849 4182 10956 490724 122503 122353 16664 5024 11640 3045 8185 2568 368221 333703 150
internal_count=900000 311461 35368 276093 235199 150875 24615 20433 588539 97815 81151 70195 10753 84324 40894 37849 4182 10956 490724 122503 122353 16664 5024 11640 3045 8185 2568 368221 333703 150
is_linear=0
shrinkage=0.1


Tree=45
num_leaves=31
num_cat=0
split_feature=2 3 0 1 5 0 4 0 5 1 1 3 5 5 5 4 1 5 0 3 4 1 4 0 1 3 4 0 1 4
split_gain=25.5579 17.9479 22.6873 12.6597 11.4854 10.637 9.1211 9.11105 8.64582 8.21029 7.74978 7.33181 5.59523 5.45092 4.41541 3.749 2.92488 2.09829 2.07544 1.88453 1.77638 1.72146 0.914089 0.762937 0.747702 0.708663 0.380484 4.12317 1.02883 0.295889
threshold=5.5499999523162851 3.4500000476837163 265.25000000000006 40.549999237060554 1.0000000180025095e-35 18.44999980926514 1.0000000180025095e-35 292.05000305175787 1.0000000180025095e-35 22.150000572204593 2.1499999761581425 6.7500000000000009 1.0000000180025095e-35 1.0000000180025095e-35 1.0000000180025095e-35 1.0000000180025095e-35 5.1499998569488534 1.0000000180025095e-35 18.44999980926514 27.849999427795414 1.0000000180025095e-35 46.049999237060554 1.0000000180025095e-35 11.150000095367433 41.049999237060554 11.550000190734865 1.0000000180025095e-35 417.05000305175787 32.750000000000007 1.0000000180025095e-35
decision_type=2 2 2 2 2 2 2 2 2 2 2 2 2 2 2 2 2 2 2 2 2 2 2 2 2 2 2 2 2 2
left_child=4 2 3 6 7 13 -2 9 22 11 14 -1 -12 21 -7 -11 23 -5 29 -20 -10 -3 -4 -6 -15 -25 28 -28 -9 -18
right_child=1 5 8 17 16 10 -8 26 20 15 12 -13 -14 24 -16 -17 18 -19 19 -21 -22 -23 -24 25 -26 -27 27 -29 -30 -31
leaf_value=0.0071587922415751563 0.0032797407098944793 0.0016457739742086091 -0.00083860821420101187 -0.0034639801808795203 0.019155381449426596 0.00070218858304470222 0.0086839618731865704 -0.0016476105705203704 0.001655723246615977 -0.0006778125132477547 -0.0005609795179817395 0.0024079800464926263 8.4149016034013767e-05 0.0064151084967071356 0.0040150869223242796 0.0062323667981994931 0.010089711623970684 0.0019924385039654779 0.0042728973052832391 -0.0011028721435161839 0.004969180812867304 -0.0038884097705620549 0.00053432978120184827 0.010006627448443719 0.0012710216272490585 0.0059937175894745551 0.0064770357015011895 -0.003708031367704122 0.00014006422147132361 0.018424661442501624
leaf_weight=4872 26858 9606 40664 2950 65 16257 3534 6912 13850 7422 539675 9748 179040 3090 5346 878 378 926 9532 700 1832 597 5506 938 311 829 715 895 6026 48
leaf_count=4872 26858 9606 40664 2950 65 16257 3534 6912 13850 7422 539675 9748 179040 3090 5346 878 378 926 9532 700 1832 597 5506 938 311 829 715 895 6026 48
internal_value=-3.43768e-11 -0.000129189 0.00115771 0.00322174 0.00219816 -0.000293259 0.00390815 0.00132273 1.41655e-05 0.00256509 -0.000344177 0.00399115 -0.000400271 0.00247765 0.00152202 5.31679e-05 0.00482431 -0.00216041 0.00418986 0.00390513 0.00204281 0.00132196 -0.000674879 0.00851534 0.00594471 0.00812394 -0.00063458 0.000815151 -0.000814984 0.0110289
internal_weight=900000 850042 96120 34268 49958 753922 30392 37468 61852 22920 740318 14620 718715 13604 21603 8300 12490 3876 10658 10232 15682 10203 46170 1832 3401 1767 14548 1610 12938 426
internal_count=900000 850042 96120 34268 49958 753922 30392 37468 61852 22920 740318 14620 718715 13604 21603 8300 12490 3876 10658 10232 15682 10203 46170 1832 3401 1767 14548 1610 12938 426
is_linear=0
shrinkage=0.1


Tree=46
num_leaves=31
num_cat=0
split_feature=3 0 2 1 4 0 5 5 0 3 4 0 4 0 5 1 2 5 1 4 3 1 3 3 5 3 0 4 1 1
split_gain=21.5884 29.8804 22.9565 20.2715 13.2613 9.31163 8.12182 5.92233 5.30914 17.9279 12.0769 7.57957 4.56197 3.99197 3.51203 3.50175 3.01206 2.65529 2.63659 2.33645 2.05366 1.6122 1.38682 0.910755 2.78442 0.836658 0.767821 9.7251 0.880627 0.482709
threshold=7.1499998569488534 283.15000915527349 40.649999618530281 41.549999237060554 1.0000000180025095e-35 39.850000381469734 1.0000000180025095e-35 1.0000000180025095e-35 605.04998779296886 24.849999427795414 1.0000000180025095e-35 248.34999847412112 1.0000000180025095e-35 476.44999694824224 1.0000000180025095e-35 41.549999237060554 7.1499998569488534 1.0000000180025095e-35 42.549999237060554 1.0000000180025095e-35 2.0499999523162846 4.5499999523162851 26.849999427795414 31.050000190734867 1.0000000180025095e-35 25.650000572204593 357.44999694824224 1.0000000180025095e-35 20.250000000000004 53.149999618530281
decision_type=2 2 2 2 2 2 2 2 2 2 2 2 2 2 2 2 2 2 2 2 2 2 2 2 2 2 2 2 2 2
left_child=1 2 3 4 -1 7 26 15 9 10 -7 -11 14 19 -4 16 -2 -5 -14 -8 -15 -9 -23 24 -10 -17 27 -3 -28 -25
right_child=5 6 12 17 -6 8 13 21 23 11 -12 -13 18 20 -16 25 -18 -19 -20 -21 -22 22 -24 29 -26 -27 28 -29 -30 -31
leaf_value=0.0034113796363928702 0.0041910838713825191 -0.00077469211464867955 -0.0017709871239411539 -0.0026428313942299191 0.0082922815369894202 -0.00055661848122788246 0.0022410637507164636 0.0076753431270297828 -0.00016748875634891517 -0.0037284098009044021 0.0016847636951422052 -0.001294463744369839 0.0044207683985716846 0.0019843044031879653 0.0014062965570578888 -0.0030965964655133354 0.00056026831054248707 0.0017082029697365435 -0.0068792583104336337 0.0066187693543651076 -0.00017801548368232654 0.0039913659793480031 -0.00092373508507932126 0.00014648104589226022 0.00068221553192449123 -0.01270474329115435 -0.0012279125977049403 0.0073714784564976226 -0.00046766142794570304 -0.00034825887944195144
leaf_weight=49181 2675 13234 14481 5666 6277 210900 10461 1064 157279 22576 27132 29530 2391 6223 4579 1620 15665 1864 226 1380 14930 5092 647 23056 51094 96 20143 1648 62547 136343
leaf_count=49181 2675 13234 14481 5666 6277 210900 10461 1064 157279 22576 27132 29530 2391 6223 4579 1620 15665 1864 226 1380 14930 5092 647 23056 51094 96 20143 1648 62547 136343
internal_value=1.17776e-11 0.000873592 0.00233679 0.00330278 0.00396382 -0.00027458 -7.5215e-05 0.00155049 -0.000349088 -0.000668916 -0.000301135 -0.00234902 -0.000470124 0.00128109 -0.00100767 0.000685661 0.00108984 -0.00156576 0.00344492 0.00275126 0.000458117 0.00410009 0.00343725 -9.67739e-05 4.08626e-05 -0.00363412 -0.000533849 0.000127397 -0.000652856 -0.000276698
internal_weight=900000 215231 84665 62988 55458 684769 130566 26859 657910 290138 238032 52106 21677 32994 19060 20056 18340 7530 2617 11841 21153 6803 5739 367772 208373 1716 97572 14882 82690 159399
internal_count=900000 215231 84665 62988 55458 684769 130566 26859 657910 290138 238032 52106 21677 32994 19060 20056 18340 7530 2617 11841 21153 6803 5739 367772 208373 1716 97572 14882 82690 159399
is_linear=0
shrinkage=0.1


Tree=47
num_leaves=31
num_cat=0
split_feature=1 5 3 0 0 0 1 2 2 5 4 5 5 2 4 2 0 3 2 3 2 3 2 1 1 0 2 1 3 0
split_gain=20.2521 12.3449 12.157 13.7831 7.83685 6.77698 6.76312 6.16191 6.06229 5.51727 4.20096 3.76078 3.52425 3.3303 4.03353 3.09176 3.02724 2.58553 2.32034 1.59878 1.4808 1.20025 1.07286 0.889504 0.876226 0.847296 0.839689 0.491721 0.488078 0.48441
threshold=4.2500000000000009 1.0000000180025095e-35 2.6499999761581425 261.15000915527349 14.84999990463257 167.84999847412112 45.549999237060554 3.3500000238418584 43.95000076293946 1.0000000180025095e-35 1.0000000180025095e-35 1.0000000180025095e-35 1.0000000180025095e-35 24.250000000000004 1.0000000180025095e-35 8.8499999046325701 314.94999694824224 24.44999980926514 47.049999237060554 3.0499999523162846 47.649999618530281 5.7500000000000009 39.649999618530281 33.149999618530281 3.6499999761581425 617.95001220703136 1.6500000357627871 2.4500000476837163 5.5499999523162851 338.55000305175787
decision_type=2 2 2 2 2 2 2 2 2 2 2 2 2 2 2 2 2 2 2 2 2 2 2 2 2 2 2 2 2 2
left_child=1 5 3 6 12 15 8 11 -2 29 -9 -6 20 14 -7 27 18 -17 19 -3 -4 -18 -8 -11 -20 -23 -14 -1 -15 -5
right_child=2 16 4 9 7 13 22 10 -10 23 -12 -13 26 28 -16 17 21 -19 24 -21 -22 25 -24 -25 -26 -27 -28 -29 -30 -31
leaf_value=0.0062243702901588465 0.0043898366831511323 0.0095564925739968828 0.002003314484395953 0.00037173935509448973 0.00061848004936226214 0.00072018833540586039 -0.00087910231910926341 -0.00041954269093934812 0.00041800957801363782 0.0029662077797838002 0.00032154012092706517 0.0036531581009362768 0.014491687216330321 5.0748752548146882e-05 0.0071871285506574989 0.0023443061696227373 0.0046859416258418869 -0.0016267342517392058 0.0031084306809870945 0.005504020582349215 -0.0014828055095258239 0.00057141803737568715 -0.0058533108124677454 0.0012300580015819924 -0.0030011009506137379 0.0044761524105385577 0.0051582075589033868 0.0037986815866852906 -0.0011738451428524761 -0.0006683396583621326
leaf_weight=1935 17839 1143 6686 5250 16526 8812 1802 647369 4898 5050 86741 5424 100 4332 1083 12640 1499 1884 1714 6566 1490 2908 571 7100 272 687 2670 1471 13087 30451
leaf_count=1935 17839 1143 6686 5250 16526 8812 1802 647369 4898 5050 86741 5424 100 4332 1083 12640 1499 1884 1714 6566 1490 2908 571 7100 272 687 2670 1471 13087 30451
internal_value=-5.53623e-13 0.00177439 -0.000126817 0.00110667 -0.000244152 0.000954535 0.00300404 -0.000282613 0.00353423 0.000111028 -0.000331978 0.00136837 0.00241242 -3.70619e-05 0.00142799 0.0024651 0.00428258 0.0018292 0.00531965 0.00610487 0.001368 0.0023088 -0.00207601 0.00195167 0.00227168 0.00131761 0.00549516 0.00517675 -0.000869296 -0.000515391
internal_weight=900000 60033 839967 72961 767006 45244 25110 756060 22737 47851 734110 21950 10946 27314 9895 17930 14789 14524 9695 7709 8176 5094 2373 12150 1986 3595 2770 3406 17419 35701
internal_count=900000 60033 839967 72961 767006 45244 25110 756060 22737 47851 734110 21950 10946 27314 9895 17930 14789 14524 9695 7709 8176 5094 2373 12150 1986 3595 2770 3406 17419 35701
is_linear=0
shrinkage=0.1


Tree=48
num_leaves=31
num_cat=0
split_feature=2 0 1 0 5 4 5 5 0 5 3 4 1 0 3 1 3 3 3 2 1 3 3 2 3 1 0 3 0 0
split_gain=16.9734 11.1182 8.8274 8.47451 6.8322 8.94174 5.6136 4.7533 4.07669 4.0499 3.76752 3.60412 3.65628 2.79936 2.35756 3.59631 2.11176 2.08175 1.65779 1.63071 1.45108 0.960445 0.697308 0.614131 0.605114 0.563075 0.553741 0.477585 0.372704 0.317754
threshold=5.5499999523162851 25.750000000000004 2.1499999761581425 183.44999694824222 1.0000000180025095e-35 1.0000000180025095e-35 1.0000000180025095e-35 1.0000000180025095e-35 274.34999084472662 1.0000000180025095e-35 2.4500000476837163 1.0000000180025095e-35 46.549999237060554 167.84999847412112 13.750000000000002 18.050000190734867 4.0499999523162851 3.0499999523162846 3.0499999523162846 48.149999618530281 6.3500001430511483 26.650000572204593 1.8499999642372134 2.4500000476837163 22.250000000000004 7.2500000000000009 265.25000000000006 13.550000190734865 11.150000095367433 3.6499999761581425
decision_type=2 2 2 2 2 2 2 2 2 2 2 2 2 2 2 2 2 2 2 2 2 2 2 2 2 2 2 2 2 2
left_child=3 6 9 10 8 -6 17 14 -4 13 23 12 -12 -3 15 -5 28 25 -11 -19 22 -18 -9 -1 -22 -2 -16 -13 -8 -25
right_child=1 2 4 7 5 -7 16 20 -10 18 11 27 -14 -15 26 -17 21 19 -20 -21 24 -23 -24 29 -26 -27 -28 -29 -30 -31
leaf_value=0.0088202076342753996 0.0065396142672302961 0.0025979175678658424 -0.00085933021447947937 0.0027308806668312519 3.8334126290438884e-05 0.0021086641097489782 0.011014760549947496 0.013405481396637428 -0.000246658574086186 0.0075912191322103561 0.0027493807303097854 0.0081952330021756222 -0.0034059846281417928 6.1283354991044606e-05 -0.0028393852824746186 -0.00048375066143305841 0.0044078100428287465 0.001260519454733736 0.0031531480976084701 -0.0013877102910669981 0.0027303138002576378 -0.00037999422189004148 0.0053862361342225298 0.01464224118910926 -0.00012111182111440593 0.0030167764311287465 -0.00092671877182847135 0.0051302756041300378 0.0071495585385717795 0.0053667947536756837
leaf_weight=1085 614 6653 142155 5526 175978 23667 477 122 460180 998 14866 1120 1032 12571 2132 9400 4153 11587 5373 2909 5331 466 975 38 865 1738 5219 931 523 1316
leaf_count=1085 614 6653 142155 5526 175978 23667 477 122 460180 998 14866 1120 1032 12571 2132 9400 4153 11587 5373 2909 5331 466 975 38 865 1738 5219 931 523 1316
internal_value=-2.37862e-11 -0.00010528 -0.000164869 0.00179135 -0.000223215 0.000283762 0.00208969 0.000709877 -0.000391253 0.0016633 0.00335988 0.00285878 0.00234981 0.000939156 -1.55553e-05 0.000706391 0.00482681 0.00117683 0.00384836 0.000729083 0.00292576 0.00392478 0.00627808 0.00704757 0.00233224 0.00393643 -0.00148145 0.00680397 0.00899326 0.00562711
internal_weight=900000 850042 827575 49958 801980 199645 22467 29570 602335 25595 20388 17949 15898 19224 22277 14926 5619 16848 6371 14496 7293 4619 1097 2439 6196 2352 7351 2051 1000 1354
internal_count=900000 850042 827575 49958 801980 199645 22467 29570 602335 25595 20388 17949 15898 19224 22277 14926 5619 16848 6371 14496 7293 4619 1097 2439 6196 2352 7351 2051 1000 1354
is_linear=0
shrinkage=0.1


Tree=49
num_leaves=31
num_cat=0
split_feature=3 0 1 2 4 5 0 0 3 1 0 4 0 5 4 5 6 1 2 1 1 2 3 5 3 0 4 1 3 1
split_gain=14.999 20.079 21.7367 19.6589 13.4752 5.13475 4.82112 5.51241 14.7215 10.0983 6.30843 4.2975 4.11421 3.87197 2.2266 2.15113 1.87542 1.72892 1.63399 1.05832 0.93695 0.783407 0.752742 1.89489 0.61212 0.429783 8.99285 1.25564 0.390134 0.385935
threshold=9.0500001907348651 283.15000915527349 38.149999618530281 43.350000381469734 1.0000000180025095e-35 1.0000000180025095e-35 18.44999980926514 605.04998779296886 26.050000190734867 37.750000000000007 248.34999847412112 1.0000000180025095e-35 476.44999694824224 1.0000000180025095e-35 1.0000000180025095e-35 1.0000000180025095e-35 15.500000000000002 48.049999237060554 10.150000095367433 49.049999237060554 46.049999237060554 3.7500000000000004 31.050000190734867 1.0000000180025095e-35 36.049999237060554 367.05000305175787 1.0000000180025095e-35 20.250000000000004 27.849999427795414 53.149999618530281
decision_type=2 2 2 2 2 2 2 2 2 2 2 2 2 2 2 2 2 2 2 2 2 2 2 2 2 2 2 2 2 2
left_child=1 2 3 4 -1 25 15 8 9 -8 -10 -5 14 17 -7 18 -14 -4 28 -15 -20 -17 23 -9 -23 26 -3 -27 -2 -24
right_child=6 5 13 11 -6 12 7 22 10 -11 -12 -13 16 19 -16 21 -18 -19 20 -21 -22 24 29 -25 -26 27 -28 -29 -30 -31
leaf_value=0.0025983143156259269 0.004336664022238027 -0.00071238391329431672 -0.0013321422206703114 -0.0009504248194038544 0.006982606312476285 0.0017834879544287722 5.6956109549968978e-05 -9.0108880216692867e-05 -0.0035845626184341259 -0.0015481641348164838 -0.0012138645743867604 0.0034701011407952589 -0.024434518189199509 0.0026974153096422392 0.0056062961490408441 0.010148415883744658 0.00017614045246146814 -0.0037621794813982932 0.00058855016229333195 -0.00062077936146005125 -0.0044699907896604517 0.0038624490405817407 0.0001733912938730786 0.00063861805809287597 -0.013699910783325324 -0.0011150915691087065 0.0059436986206812077 -0.00028531116077511117 -0.00081957402689799533 -0.00026898439435124718
leaf_weight=61753 1471 18434 5419 18173 7908 13109 170884 145372 20552 50861 24732 2502 31 1889 1724 205 26431 6369 6235 1957 389 2576 23056 47290 20 23794 2281 78077 163 136343
leaf_count=61753 1471 18434 5419 18173 7908 13109 170884 145372 20552 50861 24732 2502 31 1889 1724 205 26431 6369 6235 1957 389 2576 23056 47290 20 23794 2281 78077 163 136343
internal_value=4.19782e-12 0.000623835 0.00169654 0.00229236 0.00309602 -6.98076e-05 -0.000267147 -0.000304116 -0.000646744 -0.000311206 -0.0022898 -0.000415472 0.000894614 -0.00174617 0.0022278 0.00180238 0.000147309 -0.00264508 0.000990122 0.00100898 0.000291483 0.00419711 -4.42409e-05 8.87614e-05 0.00372715 -0.000394688 2.05403e-05 -0.000479123 0.0038223 -0.000204998
internal_weight=900000 269851 105970 90336 69661 163881 630149 619090 267029 221745 45284 20675 41295 15634 14833 11059 26462 11788 8258 3846 6624 2801 352061 192662 2596 122586 20715 101871 1634 159399
internal_count=900000 269851 105970 90336 69661 163881 630149 619090 267029 221745 45284 20675 41295 15634 14833 11059 26462 11788 8258 3846 6624 2801 352061 192662 2596 122586 20715 101871 1634 159399
is_linear=0
shrinkage=0.1


Tree=50
num_leaves=31
num_cat=0
split_feature=1 3 0 5 2 2 0 1 3 2 6 5 0 5 5 0 0 0 2 1 0 3 3 0 0 4 2 3 3 4
split_gain=13.6999 8.38844 9.23249 8.36953 4.85109 4.8386 4.66536 4.66308 4.16832 3.83296 3.8164 3.73852 3.43919 2.95324 2.87075 2.62626 2.51342 2.04138 1.61171 1.38466 1.37346 1.09581 0.823467 0.787679 0.776856 0.657434 0.579993 0.520048 0.463263 0.393696
threshold=4.2500000000000009 2.6499999761581425 261.15000915527349 1.0000000180025095e-35 3.3500000238418584 26.150000572204593 343.15000915527349 37.350000381469734 4.5499999523162851 48.649999618530281 14.500000000000002 1.0000000180025095e-35 11.150000095367433 1.0000000180025095e-35 1.0000000180025095e-35 140.94999694824222 87.149997711181655 125.54999923706056 14.750000000000002 0.65000000596046459 91.049999237060561 19.849999427795414 27.849999427795414 319.55000305175787 14.84999990463257 1.0000000180025095e-35 39.149999618530281 6.7500000000000009 2.2500000000000004 1.0000000180025095e-35
decision_type=2 2 2 2 2 2 2 2 2 2 2 2 2 2 2 2 2 2 2 2 2 2 2 2 2 2 2 2 2 2
left_child=3 2 7 5 14 6 8 9 -1 -2 13 -4 -12 -6 17 19 24 -3 23 -7 -9 -20 -16 -18 28 -13 -26 -17 -5 -8
right_child=1 4 11 16 10 15 29 20 -10 -11 12 25 -14 -15 22 27 18 -19 21 -21 -22 -23 -24 -25 26 -27 -28 -29 -30 -31
leaf_value=0.0056931722831411631 0.0036762614121359596 0.0023831919200170137 -0.00041020568292543373 0.017429471304281973 -0.0035762511069478936 0.0046484309997740112 -0.001382901609120069 0.0022673479362946909 0.0018419900642673665 9.1617905038702971e-05 0.0018792602671686975 0.0013551339526871363 -0.00026007448326104506 -0.017453643553370375 0.0035581365736624699 4.9374383167132976e-05 0.0060500206751859199 -7.4687817709228927e-05 0.0028770324024480543 0.00087150026896918784 -0.0018342647966535814 0.00038971434547544886 -0.00087948521404721588 0.0025331466512710826 0.0062434769431693356 0.0036589398885137469 0.0028103863128218424 -0.001127574338783064 0.0084292710607845982 0.0017027330755699796
leaf_weight=3664 17520 4640 35701 65 600 1151 3670 1144 12064 3595 7592 10750 735913 206 5165 5329 1953 12435 6366 6195 2851 2454 455 945 1861 1400 669 12705 476 466
leaf_count=3664 17520 4640 35701 65 600 1151 3670 1144 12064 3595 7592 10750 735913 206 5165 5329 1953 12435 6366 6195 2851 2454 455 945 1861 1400 669 12705 476 466
internal_value=2.24288e-11 -0.000104304 0.000920317 0.0014594 -0.00020177 0.000784333 0.00195327 0.00247319 0.00273916 0.00306595 -0.000245685 0.000105441 -0.00023823 -0.00712308 0.00123846 -0.000130553 0.00352462 0.000593222 0.00285723 0.00146328 -0.000659735 0.00218498 0.00319886 0.00490321 0.00607115 0.00162059 0.00533568 -0.000779789 0.00951063 -0.00103525
internal_weight=900000 839967 72961 60033 767006 45244 19864 25110 15728 21115 744311 47851 743505 806 22695 25380 14789 17075 11718 7346 3995 8820 5620 2898 3071 12150 2530 18034 541 4136
internal_count=900000 839967 72961 60033 767006 45244 19864 25110 15728 21115 744311 47851 743505 806 22695 25380 14789 17075 11718 7346 3995 8820 5620 2898 3071 12150 2530 18034 541 4136
is_linear=0
shrinkage=0.1


Tree=51
num_leaves=31
num_cat=0
split_feature=2 1 0 5 3 1 3 0 5 0 0 2 6 4 5 0 3 1 0 4 3 0 3 5 4 3 2 3 1 0
split_gain=11.8652 10.0674 7.81086 6.74157 5.42439 4.87872 4.57752 4.35671 3.78808 6.88508 5.4164 12.8848 4.93375 3.07686 2.52907 2.44186 2.15612 2.39247 2.01817 1.98018 1.58114 1.25476 1.00109 0.987819 0.731219 0.68483 0.625317 0.549562 0.417361 0.400527
threshold=13.34999990463257 11.150000095367433 357.44999694824224 1.0000000180025095e-35 12.34999990463257 2.1499999761581425 16.44999980926514 191.15000152587893 1.0000000180025095e-35 98.549999237060561 274.34999084472662 47.049999237060554 14.500000000000002 1.0000000180025095e-35 1.0000000180025095e-35 195.25000000000003 30.650000572204593 43.049999237060554 167.84999847412112 1.0000000180025095e-35 3.0499999523162846 265.25000000000006 25.849999427795414 1.0000000180025095e-35 1.0000000180025095e-35 28.44999980926514 0.84999999403953563 12.750000000000002 6.9500000476837167 402.34999084472662
decision_type=2 2 2 2 2 2 2 2 2 2 2 2 2 2 2 2 2 2 2 2 2 2 2 2 2 2 2 2 2 2
left_child=1 2 4 6 13 14 7 -3 10 19 11 -7 -11 -1 18 -6 17 -5 22 -10 -16 -8 -2 29 -12 -22 -18 -20 -25 -4
right_child=5 3 23 16 15 8 21 -9 9 12 24 -13 -14 -15 20 -17 26 -19 27 -21 25 -23 -24 28 -26 -27 -28 -29 -30 -31
leaf_value=0.003755040355481431 0.0025073795050561589 0.0016089531554070492 3.8364890408600971e-05 0.0028399896358090549 0.0024498132891210213 -0.00025116867471667328 -0.0024048636941268633 -0.00041728245679936769 0.0017949465641215762 -0.015756491023189899 -9.8339634670903446e-05 -0.002452938129075548 3.7973565799242524e-05 0.0080969139242963936 0.0069206505385739046 -0.00050136024152349539 0.0062067848966958434 0.00043753557553079746 0.0005268188069328907 0.0053127906229904886 0.0027667210583840664 -0.00063538958910805117 -0.0015635134877185531 0.002493417031156631 -0.00049607252000072636 -0.0013682429313257363 -0.0040271563225579912 -0.00089506642789536923 -0.00079114974882964261 -0.0019556680872582894
leaf_weight=14571 5823 16645 1380 13628 8673 93032 9194 29275 14097 198 386649 37209 172731 1838 916 4143 65 5957 5787 1805 4365 7104 674 1120 52500 441 733 5126 591 3730
leaf_count=14571 5823 16645 1380 13628 8673 93032 9194 29275 14097 198 386649 37209 172731 1838 916 4143 65 5957 5787 1805 4365 7104 674 1120 52500 441 733 5126 591 3730
internal_value=4.8898e-12 0.000931777 0.0023262 0.000323268 0.00303736 -0.000141489 -0.000193819 0.000317184 -0.000185134 0.000202998 -0.000313853 -0.0008802 1.98892e-05 0.00424138 0.00128912 0.00149579 0.00190165 0.00210926 0.000689676 0.00219425 0.00311301 -0.00163358 0.00208506 -0.000720809 -0.000145888 0.0023873 -0.00319356 -0.000141062 0.00135889 -0.00141716
internal_weight=900000 118647 36046 82601 29225 781353 62218 45920 758221 188831 569390 130241 172929 16409 23132 12816 20383 19585 17410 15902 5722 16298 6497 6821 439149 4806 798 10913 1711 5110
internal_count=900000 118647 36046 82601 29225 781353 62218 45920 758221 188831 569390 130241 172929 16409 23132 12816 20383 19585 17410 15902 5722 16298 6497 6821 439149 4806 798 10913 1711 5110
is_linear=0
shrinkage=0.1


Tree=52
num_leaves=31
num_cat=0
split_feature=3 1 4 0 5 0 1 3 0 0 0 2 0 1 5 0 5 0 1 0 0 1 3 5 5 0 4 0 5 5
split_gain=10.2792 16.1679 21.8585 26.097 12.3628 11.7145 12.0428 9.39147 8.46111 7.98812 7.59676 6.18876 6.10776 3.18589 3.11036 3.03348 6.25368 2.53936 2.16641 1.73314 1.19741 0.877003 1.07032 2.32877 1.06615 2.65192 1.52536 0.720185 3.11545 0.506984
threshold=16.44999980926514 38.149999618530281 1.0000000180025095e-35 412.15000915527349 1.0000000180025095e-35 376.75000000000006 34.45000076293946 26.050000190734867 417.05000305175787 362.34999084472662 219.34999847412112 43.95000076293946 102.35000228881837 48.549999237060554 1.0000000180025095e-35 203.05000305175784 1.0000000180025095e-35 219.34999847412112 42.049999237060554 72.450000762939467 248.34999847412112 34.850000381469734 28.849999427795414 1.0000000180025095e-35 1.0000000180025095e-35 598.64999389648449 1.0000000180025095e-35 481.84999084472662 1.0000000180025095e-35 1.0000000180025095e-35
decision_type=2 2 2 2 2 2 2 2 2 2 2 2 2 2 2 2 2 2 2 2 2 2 2 2 2 2 2 2 2 2
left_child=1 2 4 11 10 6 7 12 -6 13 -1 -4 -2 19 -5 18 -17 -15 -8 -3 -9 24 23 -23 26 -26 -7 28 -11 -24
right_child=5 9 3 14 8 21 15 20 -10 27 -12 -13 -14 17 -16 16 -18 -19 -20 -21 -22 22 29 -25 25 -27 -28 -29 -30 -31
leaf_value=0.00081651665367265885 0.001281300750882672 0.0014770257169629103 0.0060959430728569162 -0.0021478830897046931 0.0024743890451343637 5.7148581155213277e-05 -0.0034824231508363565 -0.0027332503985829154 -0.00011044972179920503 -0.00024168079556971842 -0.00047060235642898125 0.0023934219773880509 -0.00081447005791470501 -0.0036607492551897188 0.0020365084985871583 -0.00071092629670462773 -0.0070800359130080027 -0.0014768146602518102 -0.006700726067862095 -0.0011495116752262521 -0.0012915530587626965 -5.7945733727259569e-07 -3.7644606030505118e-05 0.0010778201648648379 -0.0025470385612430084 0.00029063581936005476 -0.001869083227656349 -0.00015522897648008541 0.0026847972589162132 -0.00043631599109736347
leaf_weight=80348 20726 3091 16599 7259 43331 35356 4214 20128 17893 14273 106817 6201 42258 10081 2352 5956 2080 11283 4153 13418 8071 80917 129098 26610 6953 6257 4652 122377 4882 42366
leaf_count=80348 20726 3091 16599 7259 43331 35356 4214 20128 17893 14273 106817 6201 42258 10081 2352 5956 2080 11283 4153 13418 8071 80917 129098 26610 6953 6257 4652 122377 4882 42366
internal_value=1.32142e-11 0.000330376 0.000804149 0.00324663 0.000485443 -0.000345708 -0.00125262 -0.000803885 0.00171896 -0.000411161 8.19445e-05 0.00508895 -0.00012482 -0.0017011 -0.00112388 -0.00374711 -0.00235948 -0.00250734 -0.00507984 -0.000657742 -0.00232061 -5.20046e-05 1.8958e-05 0.000266295 -0.00042402 -0.00120296 -0.000166827 -6.59836e-05 0.000504185 -0.00013615
internal_weight=900000 460205 280800 32411 248389 439795 107586 91183 61224 179405 187165 22800 62984 37873 9611 16403 8036 21364 8367 16509 28199 332209 278991 107527 53218 13210 40008 141532 19155 171464
internal_count=900000 460205 280800 32411 248389 439795 107586 91183 61224 179405 187165 22800 62984 37873 9611 16403 8036 21364 8367 16509 28199 332209 278991 107527 53218 13210 40008 141532 19155 171464
is_linear=0
shrinkage=0.1


Tree=53
num_leaves=31
num_cat=0
split_feature=2 3 0 0 1 1 1 4 0 0 5 3 4 1 0 5 5 4 0 5 4 0 1 1 4 0 3 1 3 4
split_gain=9.62895 6.81424 7.46682 4.77189 3.96977 3.5436 3.39935 3.31646 9.70733 5.52107 2.90635 2.58231 2.43254 2.32933 2.00693 1.71204 1.62483 1.48436 1.5052 1.00811 0.992217 0.765427 0.70032 0.693323 0.674544 3.31981 0.656404 0.532894 0.453259 0.449041
threshold=5.1499998569488534 2.2500000000000004 265.25000000000006 239.94999694824222 1.8499999642372134 29.94999980926514 36.850000381469734 1.0000000180025095e-35 235.94999694824222 376.75000000000006 1.0000000180025095e-35 4.0499999523162851 1.0000000180025095e-35 2.7500000000000004 175.75000000000003 1.0000000180025095e-35 1.0000000180025095e-35 1.0000000180025095e-35 137.05000305175784 1.0000000180025095e-35 1.0000000180025095e-35 129.44999694824222 48.549999237060554 6.6499998569488534 1.0000000180025095e-35 402.34999084472662 13.550000190734865 40.049999237060554 30.050000190734867 1.0000000180025095e-35
decision_type=2 2 2 2 2 2 2 2 2 2 2 2 2 2 2 2 2 2 2 2 2 2 2 2 2 2 2 2 2 2
left_child=3 2 5 6 14 12 11 9 -9 -6 29 21 -2 -13 20 24 -7 18 -8 -16 -3 -1 -12 -17 27 -26 -19 -5 -25 -4
right_child=1 4 10 15 7 16 17 8 -10 -11 22 13 -14 -15 19 23 -18 26 -20 -21 -22 -23 -24 28 25 -27 -28 -29 -30 -31
leaf_value=0.0039370463127024174 0.0026074588438022243 0.0019936204120276821 -0.00053003023615961695 -0.00083066398556528925 -0.00067553552441501586 -0.00099141688577411092 0.00085684177687315977 0.0023792375536242001 -0.00015882151830227007 -6.8945638849843087e-05 0.0022129147599333908 0.0056420818843493301 0.006272274112644239 0.001872734542793661 -0.00011940742795948936 0.0045709576272067879 0.0033218335815234875 0.0083107049832636098 -0.003738177004575763 0.0019532977251257677 0.0053153518543183516 0.0066959142142879822 0.00052401553040691974 0.0016470577705814714 0.0056798142343441223 -0.0027828728928064807 -0.0015958686275711364 0.00041318429801030798 -0.0026572143565503788 0.00065763612296089241
leaf_weight=2460 15779 7381 26558 9523 223997 3800 1444 19076 71748 454516 6310 1840 2046 15042 9366 814 1134 245 1408 3131 1024 1701 4019 4416 971 887 92 5396 259 3617
leaf_count=2460 15779 7381 26558 9523 223997 3800 1444 19076 71748 454516 6310 1840 2046 15042 9366 814 1134 245 1408 3131 1024 1701 4019 4416 971 887 92 5396 259 3617
internal_value=-1.75284e-11 -7.63455e-05 0.000922299 0.00140137 -0.000156292 0.00237162 0.00237245 -0.000193236 0.000374254 -0.000269199 0.000107931 0.00283353 0.00302812 0.00228356 0.00120348 0.000344551 -8.61136e-08 -0.000670044 -0.00141167 0.000399888 0.00239831 0.00506486 0.00155577 0.00187756 -0.000157011 0.00163977 0.00560624 -0.000380781 0.0014086 -0.000387668
internal_weight=900000 853502 63263 46498 790239 22759 24232 769337 90824 678513 40504 21043 17825 16882 20902 22266 4934 3189 2852 12497 8405 4161 10329 5489 16777 1858 337 14919 4675 30175
internal_count=900000 853502 63263 46498 790239 22759 24232 769337 90824 678513 40504 21043 17825 16882 20902 22266 4934 3189 2852 12497 8405 4161 10329 5489 16777 1858 337 14919 4675 30175
is_linear=0
shrinkage=0.1


Tree=54
num_leaves=31
num_cat=0
split_feature=0 3 2 1 4 0 1 3 5 0 1 0 4 3 2 0 1 3 4 3 0 5 1 3 3 3 1 2 2 1
split_gain=8.23647 5.94236 9.85709 13.6178 16.1703 9.74829 8.63927 8.70944 5.38245 3.12432 2.96418 2.92635 3.36442 2.8885 1.89205 1.71238 1.45301 1.03821 0.956003 0.938189 0.884252 1.74611 0.831108 0.733361 0.707819 0.628945 0.591824 0.581772 0.465508 0.404293
threshold=47.049999237060554 13.150000095367433 42.250000000000007 32.350000381469734 1.0000000180025095e-35 357.44999694824224 37.750000000000007 26.050000190734867 1.0000000180025095e-35 203.05000305175784 45.549999237060554 248.34999847412112 1.0000000180025095e-35 28.44999980926514 48.649999618530281 11.150000095367433 46.049999237060554 27.849999427795414 1.0000000180025095e-35 7.3500001430511483 605.04998779296886 1.0000000180025095e-35 3.3500000238418584 2.4500000476837163 28.44999980926514 27.050000190734867 37.750000000000007 2.4500000476837163 37.149999618530281 3.3500000238418584
decision_type=2 2 2 2 2 2 2 2 2 2 2 2 2 2 2 2 2 2 2 2 2 2 2 2 2 2 2 2 2 2
left_child=8 2 3 4 -2 6 7 -3 10 -8 13 12 -4 14 -1 19 -5 18 -17 29 21 -7 -15 28 -22 -25 -19 -21 -12 -10
right_child=1 5 11 16 -6 20 9 -9 15 -11 23 -13 -14 22 -16 17 -18 26 -20 27 24 -23 -24 25 -26 -27 -28 -29 -30 -31
leaf_value=0.0015152732584237253 0.00097335522401761671 -0.00023341463230085324 -0.0017272250316904087 0.00027121868596841157 0.0046625138494268987 -8.3120362576652421e-05 -0.0047547567788199683 -0.0024163659437001763 0.013587141343169904 -0.0019562332423706144 0.0055295312825667988 -0.00014257336782999694 0.0018046744068879132 0.0030834736533452011 -0.00058636145156266376 0.002385980019859864 -0.00068342863159189958 -0.00086247562713957218 0.0057503277563117567 0.01171774089601426 0.00019271490291249957 -0.001283479565527377 -0.0032280882138104317 -0.0033374961852891405 -0.00010892348847342405 -0.014707685218192637 -0.015517170348301017 0.0036418038319090506 -0.0040878023620073995 0.0071906326352701479
leaf_weight=25441 105198 77493 22576 24118 13394 47994 7393 23918 113 8665 153 139004 3063 233 5151 7307 47039 554 955 94 136417 16212 1995 1801 181031 50 29 1747 75 787
leaf_count=25441 105198 77493 22576 24118 13394 47994 7393 23918 113 8665 153 139004 3063 233 5151 7307 47039 554 955 94 136417 16212 1995 1801 181031 50 29 1747 75 787
internal_value=3.34486e-11 -7.05992e-05 0.000242539 0.000733802 0.00139002 -0.000292936 -0.00108952 -0.000748268 0.00129628 -0.00324466 0.000676276 -0.000323636 -0.00130528 0.000908231 0.00116141 0.00316383 -0.00035986 0.00248707 0.00277486 0.00534771 -4.77553e-05 -0.000386211 -0.00256804 -0.00298547 2.06996e-05 -0.00364463 -0.00159144 0.00405415 0.00236593 0.00799375
internal_weight=900000 853515 354392 189749 118592 499123 117469 101411 46485 16058 34899 164643 25639 32820 30592 11586 71157 8845 8262 2741 381654 64206 2228 2079 317448 1851 583 1841 228 900
internal_count=900000 853515 354392 189749 118592 499123 117469 101411 46485 16058 34899 164643 25639 32820 30592 11586 71157 8845 8262 2741 381654 64206 2228 2079 317448 1851 583 1841 228 900
is_linear=0
shrinkage=0.1


Tree=55
num_leaves=31
num_cat=0
split_feature=2 3 0 6 5 1 1 0 1 5 4 0 0 5 5 4 0 3 2 3 0 5 1 0 2 0 3 0 3 3
split_gain=7.66705 5.53244 5.96283 3.57551 3.42848 6.60174 3.26926 3.09853 2.97559 2.53534 2.48161 2.7609 2.34993 2.99001 2.05385 2.01703 1.3929 1.26152 0.723988 0.695061 0.690455 0.621187 0.577153 0.48556 0.331246 0.37937 0.302179 0.207862 0.117096 0.339542
threshold=3.7500000000000004 2.2500000000000004 256.94999694824224 14.500000000000002 1.0000000180025095e-35 49.049999237060554 2.4500000476837163 278.75000000000006 7.2500000000000009 1.0000000180025095e-35 1.0000000180025095e-35 362.34999084472662 231.65000152587893 1.0000000180025095e-35 1.0000000180025095e-35 1.0000000180025095e-35 338.55000305175787 1.8499999642372134 52.850000381469734 13.550000190734865 244.05000305175784 1.0000000180025095e-35 2.4500000476837163 362.34999084472662 0.84999999403953563 121.64999771118165 17.44999980926514 22.150000572204593 11.150000095367433 14.550000190734865
decision_type=2 2 2 2 2 2 2 2 2 2 2 2 2 2 2 2 2 2 2 2 2 2 2 2 2 2 2 2 2 2
left_child=6 2 8 12 7 -6 16 -5 18 23 14 19 27 -14 17 -10 24 -8 -2 -12 -16 -13 -11 -4 26 -26 -1 -3 -18 -30
right_child=1 3 9 4 5 -7 10 -9 15 22 11 21 13 -15 20 -17 28 -19 -20 -21 -22 -23 -24 -25 25 -27 -28 -29 29 -31
leaf_value=0.010256742970079537 0.0045611957216314713 -0.024754192923074184 0.00045335876745760317 -0.00061844047332818355 0.00075490253477333846 -0.00040228031846902332 0.0027366454372885871 -0.00010489281848929744 0.0010794804243945608 0.0051819767918841533 0.0067688709220533744 -0.0020970036834372409 0.00042465696800210895 -0.014611635035680845 0.0033186768725663694 0.0045448887132999291 0.0016712580763398122 0.00013647432719939028 0.0014833911059929821 0.003351319151163528 0.0013243253555073405 0.0034481683732809189 0.0013100471808171728 -0.0005287263517987803 0.0037788029855428361 0.0070603550911049837 0.0044273755633483115 -0.014673995816658528 -0.0079410595061650876 0.0010522712040447484
leaf_weight=328 4915 23 6305 160161 110115 89268 2071 440960 15151 400 1571 769 491 181 3675 1889 289 18842 905 958 3290 274 10251 24981 648 772 122 185 58 152
leaf_count=328 4915 23 6305 160161 110115 89268 2071 440960 15151 400 1571 769 491 181 3675 1889 289 18842 905 958 3290 274 10251 24981 648 772 122 185 58 152
internal_value=3.04327e-12 -5.76725e-05 0.000831113 -0.000129537 -0.000122533 0.000236807 0.00147712 -0.000241721 0.00213041 0.00012286 0.00120728 0.00368888 -0.00650027 -0.0036253 0.000889311 0.00146364 0.0050595 0.000393967 0.0040826 0.00547428 0.00237662 -0.000640266 0.00145546 -0.000330809 0.00631209 0.00556286 0.00867634 -0.0157886 0.000365446 -0.0014316
internal_weight=900000 866181 64797 801384 800504 199383 33819 601121 22860 41937 31450 3572 880 672 27878 17040 2369 20913 5820 2529 6965 1043 10651 31286 1870 1420 450 208 499 210
internal_count=900000 866181 64797 801384 800504 199383 33819 601121 22860 41937 31450 3572 880 672 27878 17040 2369 20913 5820 2529 6965 1043 10651 31286 1870 1420 450 208 499 210
is_linear=0
shrinkage=0.1


Tree=56
num_leaves=31
num_cat=0
split_feature=1 0 5 3 5 6 4 2 5 0 0 0 0 2 3 0 3 2 3 2 3 3 4 1 3 2 1 0 4 2
split_gain=6.94403 4.41865 3.69756 3.58871 2.9229 2.67225 2.56092 2.39349 2.16074 1.99713 1.95109 1.84152 1.48559 1.4223 1.36505 1.30512 1.14732 1.11574 0.976373 0.815087 0.770888 0.731567 0.694922 0.677827 0.667233 0.654605 0.41078 0.3756 0.346049 0.261983
threshold=3.3500000238418584 25.750000000000004 1.0000000180025095e-35 1.6500000357627871 1.0000000180025095e-35 14.500000000000002 1.0000000180025095e-35 10.150000095367433 1.0000000180025095e-35 314.94999694824224 348.05000305175787 231.65000152587893 140.94999694824222 52.250000000000007 27.849999427795414 91.049999237060561 18.050000190734867 2.4500000476837163 6.7500000000000009 0.84999999403953563 2.8500000238418584 2.2500000000000004 1.0000000180025095e-35 39.149999618530281 2.2500000000000004 14.750000000000002 44.049999237060554 11.150000095367433 1.0000000180025095e-35 12.84999990463257
decision_type=2 2 2 2 2 2 2 2 2 2 2 2 2 2 2 2 2 2 2 2 2 2 2 2 2 2 2 2 2 2
left_child=2 8 7 4 9 11 -7 10 14 -3 19 -5 21 -6 17 22 24 -2 -14 -1 -17 -9 27 -18 -10 -22 -16 -4 -12 -24
right_child=1 3 15 5 13 6 -8 12 16 -11 28 -13 18 -15 26 20 23 -19 -20 -21 25 -23 29 -25 -26 -27 -28 -29 -30 -31
leaf_value=0.0071674489969795717 0.004683840352274633 0.0012395674177780385 0.0075209365652626203 -0.01458700703003922 0.0029855463425734956 -0.00021274344749801907 0.00034740882917310914 0.0038041324594176255 0.0072360198585621864 -0.00032757213430336947 -0.001696557240813083 -0.0033016632529253411 0.0008395515056954597 0.00062879863632389729 -0.0021672470891886185 0.0043995808744898583 0.0013696227412640981 0.00080810155555493179 -0.0006766975440941278 0.0028732062264588605 0.0033951576982541656 0.0010087314074932172 0.013588936232133872 -0.0063483602412771891 0.003425441250694293 0.0012729890207319459 -0.013161095662840775 0.0035843105851601255 0.003479249275102893 0.0072868827366560467
leaf_weight=488 782 13569 278 185 7315 691722 92536 1054 530 20294 1121 662 6171 3940 1174 1327 1520 14807 13621 4690 1926 8376 90 123 3455 5925 35 1891 146 247
leaf_count=488 782 13569 278 185 7315 691722 92536 1054 530 20294 1121 662 6171 3940 1174 1327 1520 14807 13621 4690 1926 8376 90 123 3455 5925 35 1891 146 247
internal_value=3.09142e-11 -6.54581e-05 0.0011787 -0.000102873 0.000764411 -0.000152713 -0.00014665 0.000672931 0.00131964 0.000300385 0.00241725 -0.00576658 0.000288217 0.00216053 0.000751479 0.00272265 0.00301545 0.00100252 -0.000203942 0.00327792 0.00217038 0.00132118 0.00474526 0.000791831 0.00393224 0.0017936 -0.00248551 0.00408887 -0.00110013 0.00896992
internal_weight=900000 852649 47351 830223 45118 785105 784258 35667 22426 33863 6445 847 29222 11255 16798 11684 5628 15589 19792 5178 9178 9430 2506 1643 3985 7851 1209 2169 1267 337
internal_count=900000 852649 47351 830223 45118 785105 784258 35667 22426 33863 6445 847 29222 11255 16798 11684 5628 15589 19792 5178 9178 9430 2506 1643 3985 7851 1209 2169 1267 337
is_linear=0
shrinkage=0.1


Tree=57
num_leaves=31
num_cat=0
split_feature=2 1 0 4 3 5 0 0 6 1 0 3 0 5 0 0 0 5 5 5 3 3 3 3 1 0 3 0 3 0
split_gain=5.99925 5.67131 6.63876 4.68243 4.06098 3.22533 2.68725 2.28067 2.24522 2.00842 2.59507 1.83547 2.20935 1.56145 2.06681 1.54399 1.08976 1.04206 1.02072 0.760292 0.701676 0.685214 0.668635 0.664627 0.492638 0.402706 0.308637 0.293871 0.244404 0.227502
threshold=13.34999990463257 16.250000000000004 357.44999694824224 1.0000000180025095e-35 3.8500000238418584 1.0000000180025095e-35 14.84999990463257 283.15000915527349 14.500000000000002 1.5500000119209292 638.64999389648449 24.250000000000004 137.05000305175784 1.0000000180025095e-35 265.25000000000006 248.34999847412112 156.25000000000003 1.0000000180025095e-35 1.0000000180025095e-35 1.0000000180025095e-35 22.849999427795414 1.4499999880790713 18.050000190734867 2.0499999523162846 60.049999237060554 3.6499999761581425 26.650000572204593 443.55000305175787 4.2500000000000009 1019.7500000000001
decision_type=2 2 2 2 2 2 2 2 2 2 2 2 2 2 2 2 2 2 2 2 2 2 2 2 2 2 2 2 2 2
left_child=1 2 3 4 -1 11 18 -5 13 17 -11 12 -3 14 -8 -13 22 -10 21 27 -18 25 -7 -20 -23 -2 -25 -4 -21 -15
right_child=6 5 19 7 -6 16 8 -9 9 10 -12 15 -14 29 -16 -17 20 -19 23 28 -22 24 -24 26 -26 -27 -28 -29 -30 -31
leaf_value=0.0037997959839810727 0.0088287628660877592 0.0010780766750474128 -0.00073426052906923366 0.0041453897332998308 0.0011190334760506503 0.0031845012956698 -0.012596587276622606 0.010669658269486798 0.00052376826494285095 -0.00033624666126267662 3.5395931039268999e-05 -0.0039663748561666315 -0.00052132377341473359 -0.014706420246143048 0.00064193243721014353 -0.00039384581429896445 0.0010423153020364139 0.0023815401863566191 0.0079566977528023417 0.0025133895082377774 -0.0012962648088136704 0.00078223623191465562 0.00046952021848005248 0.0030172866945371601 -0.0050841651780352201 0.0026685112313910696 -0.00087366577205506878 -0.0020180321510576403 9.3804851529575054e-05 -0.0078355178243519983
leaf_weight=7015 148 11433 3338 4028 29059 3726 158 618 12066 356468 397295 2414 35313 150 465 2425 10429 4027 262 542 1463 7327 1199 2170 146 375 225 3828 1817 71
leaf_count=7015 148 11433 3338 4028 29059 3726 158 618 12066 356468 397295 2414 35313 150 465 2425 10429 4027 262 542 1463 7327 1199 2170 146 375 225 3828 1817 71
internal_value=2.44638e-11 0.000662556 0.00146924 0.00202517 0.00164034 7.00055e-05 -0.000100608 0.00501323 -0.000122411 -0.00011676 -0.00014036 -0.000322066 -0.000130147 -0.00527731 -0.00271551 -0.00217605 0.00127266 0.000988644 0.00147678 -0.000907432 0.000754614 0.000912519 0.00252353 0.00317486 0.000667624 0.00441176 0.00265175 -0.00142004 0.000649725 -0.012499
internal_weight=900000 118647 50245 40720 36074 68402 781353 4646 770700 769856 753763 51585 46746 844 623 4839 16817 16093 10653 9525 11892 7996 4925 2657 7473 523 2395 7166 2359 221
internal_count=900000 118647 50245 40720 36074 68402 781353 4646 770700 769856 753763 51585 46746 844 623 4839 16817 16093 10653 9525 11892 7996 4925 2657 7473 523 2395 7166 2359 221
is_linear=0
shrinkage=0.1


Tree=58
num_leaves=31
num_cat=0
split_feature=3 1 4 0 0 1 2 0 0 3 0 2 0 1 0 5 5 0 1 0 5 1 5 0 4 1 5 0 5 3
split_gain=5.48866 8.63812 11.8582 17.1556 8.21465 7.89488 7.16657 10.2748 5.96239 5.89933 4.70679 3.71647 2.37573 2.28573 2.23736 5.34608 2.21505 1.94429 1.70794 1.01653 0.914213 0.687175 0.989515 1.93879 1.29463 0.848689 2.83395 0.647742 2.30029 0.521059
threshold=16.44999980926514 38.149999618530281 1.0000000180025095e-35 412.15000915527349 376.75000000000006 33.549999237060554 46.549999237060554 252.44999694824222 362.34999084472662 28.44999980926514 94.750000000000014 47.649999618530281 248.34999847412112 45.549999237060554 171.84999847412112 1.0000000180025095e-35 1.0000000180025095e-35 219.34999847412112 42.049999237060554 252.44999694824222 1.0000000180025095e-35 34.850000381469734 1.0000000180025095e-35 598.64999389648449 1.0000000180025095e-35 49.549999237060554 1.0000000180025095e-35 481.84999084472662 1.0000000180025095e-35 31.050000190734867
decision_type=2 2 2 2 2 2 2 2 2 2 2 2 2 2 2 2 2 2 2 2 2 2 2 2 2 2 2 2 2 2
left_child=1 2 6 11 5 9 7 -1 13 10 -2 -4 -8 20 18 -16 -5 -15 -7 -11 -3 22 24 -24 -6 26 -23 28 -10 -27
right_child=4 8 3 16 21 14 12 -9 27 19 -12 -13 -14 17 15 -17 -18 -19 -20 -21 -22 25 23 -25 -26 29 -28 -29 -30 -31
leaf_value=0.0013989549804578347 0.00099763143534622968 -0.00079769314810316367 0.0045830624970962528 -0.0020209928533989172 0.00011814679905229798 -0.0028979688325295192 -0.0012699214121669141 -0.00019221575460000109 -0.00010255899600558258 -0.0027157181807816962 -0.00076168197440688596 0.0015604978058046364 -7.4414562520500215e-05 -0.0028633661348428895 -0.0005995843394339122 -0.0058875644962587204 0.0015101832851909342 -0.001109448058794083 -0.005913927529461697 -0.0010486623276694943 0.0011872299602634902 7.97722896237883e-07 -0.0022356325994075418 0.00019068749701193116 -0.0016564305543499943 0.0001621055696052788 0.0020448343592564134 -8.7028515178143927e-05 0.0024120785815558085 -0.00013523982028454732
leaf_weight=96471 21840 9503 17500 7259 35356 4209 23193 70051 14273 13013 50069 5300 58674 12308 7399 2578 2352 12992 3390 5088 3070 27441 6953 6257 4652 100957 9010 122377 4882 141583
leaf_count=96471 21840 9503 17500 7259 35356 4209 23193 70051 14273 13013 50069 5300 58674 12308 7399 2578 2352 12992 3390 5088 3070 27441 6953 6257 4652 100957 9010 122377 4882 141583
internal_value=-6.88513e-12 0.000241414 0.000587714 0.00238671 -0.000252617 -0.00101206 0.000352971 0.000729595 -0.000300606 -0.000633525 -0.000227348 0.00388045 -0.000413103 -0.00141504 -0.00295063 -0.00196597 -0.00115684 -0.0019627 -0.00424342 -0.00224713 -0.000313026 -6.67007e-06 -0.000335972 -0.00108639 -8.81953e-05 5.61448e-05 0.000506045 -2.39059e-06 0.000538342 -1.14701e-05
internal_weight=900000 460205 280800 32411 439795 107586 248389 166522 179405 90010 71909 22800 81867 37873 17576 9977 9611 25300 7599 18101 12573 332209 53218 13210 40008 278991 36451 141532 19155 242540
internal_count=900000 460205 280800 32411 439795 107586 248389 166522 179405 90010 71909 22800 81867 37873 17576 9977 9611 25300 7599 18101 12573 332209 53218 13210 40008 278991 36451 141532 19155 242540
is_linear=0
shrinkage=0.1


Tree=59
num_leaves=31
num_cat=0
split_feature=2 5 1 3 4 0 0 3 1 0 0 0 0 1 5 1 3 0 6 3 3 4 4 0 2 5 0 0 3 3
split_gain=4.98795 3.59394 6.50487 6.28268 4.95229 4.80702 3.3153 2.69511 2.13274 2.03855 1.76075 1.55078 1.81726 11.3496 1.29118 0.916891 0.922817 0.841517 0.84159 0.822096 0.790589 0.736255 0.561887 0.907156 0.447094 0.399234 0.340566 0.333687 0.312863 0.23563
threshold=3.7500000000000004 1.0000000180025095e-35 48.549999237060554 26.050000190734867 1.0000000180025095e-35 371.75000000000006 598.64999389648449 16.050000190734867 13.250000000000002 310.25000000000006 476.44999694824224 7.3500001430511483 274.34999084472662 33.549999237060554 1.0000000180025095e-35 2.4500000476837163 4.0499999523162851 39.850000381469734 16.500000000000004 1.0500000119209292 7.4500000476837167 1.0000000180025095e-35 1.0000000180025095e-35 402.34999084472662 0.84999999403953563 1.0000000180025095e-35 14.84999990463257 83.549999237060561 32.45000076293946 30.650000572204593
decision_type=2 2 2 2 2 2 2 2 2 2 2 2 2 2 2 2 2 2 2 2 2 2 2 2 2 2 2 2 2 2
left_child=8 11 3 4 -3 7 -5 -4 9 15 -7 19 13 -13 17 29 -17 24 -19 -2 27 -14 25 -24 -10 -11 -22 -16 -21 -1
right_child=1 2 5 6 -6 10 -8 -9 14 22 -12 12 21 -15 20 16 -18 18 -20 28 26 -23 23 -25 -26 -27 -28 -29 -30 -31
leaf_value=0.005255286919576733 0.0067920027410413716 0.00083617547804587685 -0.0018749722422315178 -0.0021315376508728228 0.0029934506770627283 0.0020497206969033823 0.00069053456063113052 -0.0068372835681343239 0.0061109996575093341 -0.0011857042045676507 -0.00021175473887628853 -6.8895397466700405e-05 -3.058210340212768e-05 -0.0021630034323634546 0.006546948840278977 0.0047173724600572424 0.0019382855032578227 -0.020553675070405009 -2.6729840631167087e-05 0.0014103416602798873 0.0065204371435042237 -0.00041542341243336041 0.0089804404356642175 -0.0012902362515740742 0.0016120816287318739 0.0016075065123672808 0.00078436125641139778 0.0029431913668867306 -0.003473700274264923 -0.0010695321237301975
leaf_weight=1713 286 91775 5148 10169 12037 3589 7048 1390 288 2014 84527 139952 417328 31753 300 1501 5858 20 15018 4609 107 56435 171 173 948 686 3171 1790 135 61
leaf_count=1713 286 91775 5148 10169 12037 3589 7048 1390 288 2014 84527 139952 417328 31753 300 1501 5858 20 15018 4609 107 56435 171 173 948 686 3171 1790 135 61
internal_value=-1.80425e-11 -4.65175e-05 0.000307232 0.000792896 0.00108631 -0.000313761 -0.000976286 -0.00292998 0.00119142 0.0022501 -0.000119644 -0.000163809 -0.000177439 -0.000456154 0.00059574 0.00299708 0.00250513 0.000152127 -5.40299e-05 0.00158525 0.00194063 -7.64247e-05 8.93089e-06 0.00381525 0.00266037 -0.000476022 0.000971597 0.00346048 0.00127136 0.0050378
internal_weight=900000 866181 215683 121029 103812 94654 17217 6538 33819 12177 88116 650498 645468 171705 21642 9133 7359 16274 15038 5030 5368 473763 3044 344 1236 2700 3278 2090 4744 1774
internal_count=900000 866181 215683 121029 103812 94654 17217 6538 33819 12177 88116 650498 645468 171705 21642 9133 7359 16274 15038 5030 5368 473763 3044 344 1236 2700 3278 2090 4744 1774
is_linear=0
shrinkage=0.1


Tree=60
num_leaves=31
num_cat=0
split_feature=1 3 0 0 6 4 2 0 3 0 2 1 5 0 1 4 5 3 2 2 2 5 0 3 1 4 4 1 2 3
split_gain=4.40349 3.50207 2.87478 2.43468 2.33951 2.0828 1.97855 1.956 2.17901 1.75257 1.63891 1.30471 1.24223 1.03144 0.908143 0.865258 0.775181 0.761076 0.722497 0.570457 0.477841 0.305628 0.324949 0.35503 0.298508 0.29284 0.288818 0.167674 0.12109 0.24608
threshold=2.1499999761581425 1.6500000357627871 269.75000000000006 7.3500001430511483 14.500000000000002 1.0000000180025095e-35 40.649999618530281 310.25000000000006 19.650000572204593 175.75000000000003 46.049999237060554 31.150000572204593 1.0000000180025095e-35 183.44999694824222 12.650000095367433 1.0000000180025095e-35 1.0000000180025095e-35 8.6500000953674334 16.650000572204593 49.850000381469734 0.84999999403953563 1.0000000180025095e-35 653.54998779296886 28.849999427795414 47.549999237060554 1.0000000180025095e-35 1.0000000180025095e-35 1.8499999642372134 2.4500000476837163 10.150000095367433
decision_type=2 2 2 2 2 2 2 2 2 2 2 2 2 2 2 2 2 2 2 2 2 2 2 2 2 2 2 2 2 2
left_child=7 2 6 18 9 -6 11 8 10 -5 15 -2 25 19 -8 -1 -15 -12 20 -10 -3 28 23 -23 -14 -4 -20 -24 29 -9
right_child=1 3 12 4 5 -7 14 21 13 -11 17 -13 24 16 -16 -17 -18 -19 26 -21 -22 22 27 -25 -26 -27 -28 -29 -30 -31
leaf_value=0.0026040857830484068 0.0029465701411092041 0.009876105471710684 -0.00030858206372756907 -0.014564002994852561 -0.00015766462383080175 0.00033832683866033379 0.0017475586596957917 0.0047567989817894193 0.0016685083460972765 -0.0031197363823719164 0.0018838844883015038 0.00057451094869801595 0.0018112597526965372 -0.003276504905873646 -0.0011765991095209782 0.005260212396245246 0.0017110694699934278 -0.0012236970965722443 0.00083225740652036011 -0.0017282029463175112 0.0030695856651732894 0.00094047537989848092 0.0028399406702911347 -0.00351286157484556 0.00054975885845459324 0.0007978697339199348 0.0034576785008508682 0.0088336841328311017 -0.00029099440601145589 -0.0015113340776511715
leaf_weight=10312 10282 109 19945 164 718545 95972 1752 139 2522 727 1598 2994 4551 1279 2697 1392 412 1555 3671 615 1919 2066 344 196 3191 2718 473 54 7692 114
leaf_count=10312 10282 109 19945 164 718545 95972 1752 139 2522 727 1598 2994 4551 1279 2697 1392 412 1555 3671 615 1919 2066 344 196 3191 2718 473 54 7692 114
internal_value=4.98068e-12 -4.128e-05 0.000787792 -8.98489e-05 -0.000104826 -9.92235e-05 0.00180001 0.00118526 0.00177509 -0.0052262 0.00237485 0.00241162 0.000197706 -7.05377e-05 -2.50764e-05 0.00291999 -0.00206132 0.000351284 0.00188881 0.00100259 0.00343542 9.04322e-05 0.00101822 0.000554598 0.00129131 -0.000175884 0.00113193 0.00365316 -0.000220192 0.00193242
internal_weight=900000 869710 48130 821580 815408 814517 17725 30290 19685 891 14857 13276 30405 4828 4449 11704 1691 3153 6172 3137 2028 10605 2660 2262 7742 22663 4144 398 7945 253
internal_count=900000 869710 48130 821580 815408 814517 17725 30290 19685 891 14857 13276 30405 4828 4449 11704 1691 3153 6172 3137 2028 10605 2660 2262 7742 22663 4144 398 7945 253
is_linear=0
shrinkage=0.1


Tree=61
num_leaves=31
num_cat=0
split_feature=2 0 3 1 4 0 0 5 3 0 1 2 4 0 1 3 0 0 0 4 1 5 1 0 0 0 1 0 3 3
split_gain=3.91104 8.75011 8.21173 8.68717 11.4431 11.9223 8.20809 2.99224 2.15337 2.0721 4.12652 2.03361 1.84377 1.45715 1.28264 1.15005 1.07017 0.808462 0.760991 1.50472 5.75399 1.25126 0.646968 0.60454 0.309463 0.811957 0.337525 0.241528 0.11932 0.138094
threshold=42.250000000000007 239.94999694824222 24.050000190734867 30.750000000000004 1.0000000180025095e-35 422.34999084472662 231.65000152587893 1.0000000180025095e-35 18.650000572204593 376.75000000000006 45.549999237060554 48.649999618530281 1.0000000180025095e-35 631.85000610351574 40.549999237060554 28.44999980926514 61.45000076293946 278.75000000000006 333.75000000000006 1.0000000180025095e-35 22.150000572204593 1.0000000180025095e-35 49.549999237060554 160.15000152587893 631.85000610351574 493.15000915527349 49.549999237060554 476.44999694824224 25.050000190734867 32.649999618530281
decision_type=2 2 2 2 2 2 2 2 2 2 2 2 2 2 2 2 2 2 2 2 2 2 2 2 2 2 2 2 2 2
left_child=2 7 3 4 6 -6 -1 8 12 10 -5 22 -2 15 -13 16 -4 -17 19 21 -21 -3 -9 -10 25 -20 -26 -11 -15 -30
right_child=1 18 13 9 5 -7 -8 11 23 27 -12 14 -14 28 -16 17 -18 -19 24 20 -22 -23 -24 -25 26 -27 -28 -29 29 -31
leaf_value=0.0011687356386175006 -0.0015633397132655737 0.00016394534212109971 0.00094409956039045095 7.7036136001515997e-05 0.0039493939636892419 -0.0025492120983705998 -0.00021854558709094338 0.0022416160062942855 -0.0033089744020482052 0.0005050869092177011 -0.0017016719061902722 -0.00039107854782790234 0.00083698033437946495 -0.00069375802142410874 -0.0038700838833508073 -0.0023424621342063821 -0.001039307280114828 -0.0010006158757443623 0.00012597742797110741 0.0011173453160266105 -0.0078210977641137436 -0.0015767699120250178 -0.003196631211935105 -0.0018582207799129906 0.00021003296609831135 -0.00046614540336562297 -1.276720166327521e-05 2.9597542069897346e-05 0.0014864665916522986 4.1307576202111404e-05
leaf_weight=98464 27418 16100 3286 29075 18893 3319 75239 3579 8548 14137 23654 9301 3623 439 1196 11144 15804 7520 47277 1690 1255 5554 233 4326 89051 45395 287560 43722 2264 934
leaf_count=98464 27418 16100 3286 29075 18893 3319 75239 3579 8548 14137 23654 9301 3623 439 1196 11144 15804 7520 47277 1690 1255 5554 233 4326 89051 45395 287560 43722 2264 934
internal_value=-2.25129e-12 -0.000165477 0.000262611 0.000441148 0.000841132 0.00297835 0.000567838 -0.00132494 -0.00173415 -0.000267453 -0.000720885 -6.90554e-05 -0.00128318 -0.00105947 -0.000787467 -0.00124363 -0.000697899 -0.00180181 -2.87873e-05 -0.000570959 -0.00269174 -0.000282528 0.00190922 -0.00282148 -3.67639e-07 -0.000164072 3.99147e-05 0.000145776 0.000852181 0.0010644
internal_weight=900000 552106 347894 306503 195915 22212 173703 58224 43915 110588 52729 14309 31041 41391 10497 37754 19090 18664 493882 24599 2945 21654 3812 12874 469283 92672 376611 57859 3637 3198
internal_count=900000 552106 347894 306503 195915 22212 173703 58224 43915 110588 52729 14309 31041 41391 10497 37754 19090 18664 493882 24599 2945 21654 3812 12874 469283 92672 376611 57859 3637 3198
is_linear=0
shrinkage=0.1


Tree=62
num_leaves=31
num_cat=0
split_feature=2 5 3 4 0 0 0 1 0 3 1 0 1 5 0 4 1 0 3 0 3 1 6 0 4 3 2 0 0 2
split_gain=3.66176 2.71449 4.96329 4.09981 3.14316 3.10043 1.895 1.53438 1.32318 9.47824 9.45067 2.03167 1.27241 1.06839 1.04802 0.806931 0.908927 0.811709 0.722134 0.717696 0.533156 0.516623 0.475038 0.440922 0.422129 0.420985 0.362797 0.360682 0.334588 0.324086
threshold=3.7500000000000004 1.0000000180025095e-35 28.44999980926514 1.0000000180025095e-35 125.54999923706056 653.54998779296886 504.84999084472662 9.3499999046325701 274.34999084472662 20.050000190734867 44.049999237060554 61.45000076293946 23.94999980926514 1.0000000180025095e-35 310.25000000000006 1.0000000180025095e-35 20.250000000000004 362.34999084472662 23.849999427795414 235.94999694824222 7.4500000476837167 2.1499999761581425 14.500000000000002 43.350000381469734 1.0000000180025095e-35 8.6500000953674334 2.4500000476837163 121.64999771118165 231.65000152587893 1.2500000000000002
decision_type=2 2 2 2 2 2 2 2 2 2 2 2 2 2 2 2 2 2 2 2 2 2 2 2 2 2 2 2 2 2
left_child=7 8 3 4 -3 12 -5 14 9 10 -2 -11 -4 18 21 16 -10 -17 19 -9 28 27 -7 -20 -16 -26 -23 -1 -15 -22
right_child=1 2 5 6 -6 22 -8 13 15 11 -12 -13 -14 20 24 17 -18 -19 23 -21 29 26 -24 -25 25 -27 -28 -29 -30 -31
leaf_value=0.0027507441293949742 0.00030046462149522861 0.0014224689476378866 -0.00137942704919036 0.0028085230007549367 0.00015157588926004387 -0.0092998691047702364 0.00081172471232798284 0.0011689006378763371 -0.00032971357136901328 -0.00048867888594380604 -0.0024163749033359622 -0.0021514327147531525 -0.0039680735135230244 0.0043070830133846967 -0.00023304792463015348 0.00075836006235435434 6.073475678237695e-05 -0.00053272807881448749 0.0028214682366900115 -0.00014882306352708723 0.0023307981706959936 0.0028950617192031627 -0.00024386373587475179 -0.0019751789036138003 0.0086453947493089454 0.00049122844385338896 0.0011248802149284446 0.0057962749269368646 0.0019040932185745249 0.00037278260399219832
leaf_weight=734 122950 23177 4806 10568 121352 58 8637 7727 72066 9761 14292 29732 3139 1018 1966 5383 345262 51052 213 8887 1269 3369 43946 1911 113 144 1764 827 1345 2532
leaf_count=734 122950 23177 4806 10568 121352 58 8637 7727 72066 9761 14292 29732 3139 1018 1966 5383 345262 51052 213 8887 1269 3369 43946 1911 113 144 1764 827 1345 2532
internal_value=-7.51611e-12 -3.98566e-05 0.00026758 0.000537787 0.000355379 -0.000584064 0.00191051 0.00102082 -0.000141792 -0.000375303 1.75405e-05 -0.00174047 -0.00240218 0.000617749 0.00214644 -5.4682e-05 -6.68955e-06 -0.000409579 0.00024207 0.000464037 0.00175978 0.00277119 -0.0002558 -0.00149416 0.00026518 0.00407652 0.00228672 0.00436423 0.00293932 0.00102648
internal_weight=900000 866181 215683 163734 144529 51949 19205 33819 650498 176735 137242 39493 7945 24902 8917 473763 417328 56435 18738 16614 6164 6694 44004 2124 2223 257 5133 1561 2363 3801
internal_count=900000 866181 215683 163734 144529 51949 19205 33819 650498 176735 137242 39493 7945 24902 8917 473763 417328 56435 18738 16614 6164 6694 44004 2124 2223 257 5133 1561 2363 3801
is_linear=0
shrinkage=0.1


Tree=63
num_leaves=31
num_cat=0
split_feature=1 5 3 0 0 4 2 0 3 0 0 4 0 1 5 3 2 0 0 3 2 3 2 0 3 3 1 3 2 3
split_gain=3.39955 3.47944 2.44588 2.82365 1.9127 1.79466 1.63775 1.60145 5.30942 1.21958 1.1285 1.05592 1.20542 0.937594 0.929304 0.820362 0.774017 0.768205 0.496017 0.472958 0.416173 0.413388 0.37426 0.36477 0.326078 0.310105 0.28271 0.216071 0.195509 0.180457
threshold=5.7500000000000009 1.0000000180025095e-35 5.5499999523162851 381.65000915527349 11.150000095367433 1.0000000180025095e-35 2.0499999523162846 705.35000610351574 22.050000190734867 156.25000000000003 314.94999694824224 1.0000000180025095e-35 357.44999694824224 0.65000000596046459 1.0000000180025095e-35 7.4500000476837167 47.049999237060554 611.54998779296886 417.05000305175787 28.650000572204593 18.44999980926514 0.45000000298023229 0.84999999403953563 3.6499999761581425 32.250000000000007 29.44999980926514 71.049999237060561 4.0499999523162851 29.650000572204593 32.850000381469734
decision_type=2 2 2 2 2 2 2 2 2 2 2 2 2 2 2 2 2 2 2 2 2 2 2 2 2 2 2 2 2 2
left_child=1 2 3 5 14 -1 11 8 -8 13 16 15 -13 -4 22 -6 23 18 -12 -18 -11 28 27 -3 -9 -24 -23 -2 -16 -19
right_child=4 10 9 -5 6 -7 7 24 -10 20 17 12 -14 -15 21 -17 19 29 -20 -21 -22 26 25 -25 -26 -27 -28 -29 -30 -31
leaf_value=0.001611779150337352 0.015200939641901504 0.0073159865100890223 0.0026143372466524359 -0.00097979892861695898 0.0016433466299991936 0.0053996151170743641 -6.731885782524276e-05 0.00013140817244183825 -0.0010020531950056157 9.6261510690688921e-05 0.0012038037151292915 0.0051353163263725523 -0.00060802549539105619 0.00026649548676742303 0.017033313659410323 3.1948546269443383e-05 0.0011298949395385472 0.0025975233462023567 -0.00069756229898523207 -0.0044427189171130279 -0.00077460418697688355 0.0030880904227988015 0.00087882457939640255 0.0026184048207623769 -6.0243892567238624e-05 -0.0022157456594102671 -0.0088571666087955241 0.0043152832428776577 0.0047071256674826147 0.0084941852216919266
leaf_weight=10840 23 168 1924 4111 5176 1414 350921 223518 73494 7480 2585 1153 535 14668 31 8109 2544 1334 2924 162 20600 2119 6093 10282 147266 342 20 88 22 54
leaf_count=10840 23 168 1924 4111 5176 1414 350921 223518 73494 7480 2585 1153 535 14668 31 8109 2544 1334 2924 162 20600 2119 6093 10282 147266 342 20 88 22 54
internal_value=-4.14856e-11 0.000617624 0.000242163 0.00128804 -6.11583e-05 0.00204886 -7.703e-05 -9.65397e-05 -0.000229183 -0.00014098 0.00176044 0.00095911 0.003315 0.00053875 0.00141043 0.000659769 0.00230361 0.000724365 0.00019462 0.000796279 -0.000542621 0.00319257 0.000813666 0.00269393 5.52888e-05 0.000714358 0.0029764 0.00657087 0.0119168 0.00282693
internal_weight=900000 81090 61037 16365 818910 12254 810172 795199 424415 44672 20053 14973 1688 16592 8738 13285 13156 6897 5509 2706 28080 2192 6546 10450 370784 6435 2139 111 53 1388
internal_count=900000 81090 61037 16365 818910 12254 810172 795199 424415 44672 20053 14973 1688 16592 8738 13285 13156 6897 5509 2706 28080 2192 6546 10450 370784 6435 2139 111 53 1388
is_linear=0
shrinkage=0.1


Tree=64
num_leaves=31
num_cat=0
split_feature=3 0 4 2 1 6 1 0 0 0 5 0 1 5 0 0 2 1 0 0 3 1 4 0 2 0 1 0 4 6
split_gain=3.04398 3.99396 2.85266 2.44542 2.03165 1.92773 1.93378 1.4779 1.61026 1.40907 1.87315 1.21091 2.10609 1.0941 0.99151 0.850231 0.725617 0.512562 0.500892 0.525426 0.488233 0.456766 0.4179 0.370695 0.173044 0.263355 0.150223 0.223485 0.166646 0.139657
threshold=3.0499999523162846 338.55000305175787 1.0000000180025095e-35 40.649999618530281 30.750000000000004 14.500000000000002 1.8499999642372134 14.84999990463257 638.64999389648449 211.44999694824222 1.0000000180025095e-35 121.64999771118165 49.049999237060554 1.0000000180025095e-35 179.55000305175784 113.95000076293947 6.7500000000000009 32.750000000000007 427.55000305175787 605.04998779296886 13.34999990463257 107.95000076293947 1.0000000180025095e-35 881.75000000000011 4.6499998569488534 22.150000572204593 28.349999427795414 362.34999084472662 1.0000000180025095e-35 7.5000000000000009
decision_type=2 2 2 2 2 2 2 2 2 2 2 2 2 2 2 2 2 2 2 2 2 2 2 2 2 2 2 2 2 2
left_child=1 2 3 4 -1 9 14 16 -9 24 29 17 -13 26 22 -5 -8 -4 21 -20 -16 -15 -7 -12 -2 -26 27 -3 -28 -11
right_child=5 13 11 15 -6 6 7 8 -10 10 23 12 -14 18 20 -17 -18 -19 19 -21 -22 -23 -24 -25 25 -27 28 -29 -30 -31
leaf_value=0.0019034474867073118 -0.020829279478639648 0.00068916860974556143 0.0009106688344875561 0.00091331774135443907 -7.9338268517017749e-05 0.0014027425551845954 0.0029816560759113862 -0.00024389127908600375 4.4923746294631728e-05 0.002368396558094679 -0.01514342455558625 0.0056504749879325447 -0.0033901564913736493 0.0019365486272276801 0.00092431842076112997 -0.0010644367068185672 0.00071313201200630112 0.0055345783909433524 -0.0003867892932859917 0.0010465754155308418 -0.0003128410912367269 0.016100758783843205 0.0034554717391733479 -0.0061727555443732334 -0.021050997596719995 -0.00961602070189802 -9.1233358169439202e-05 -0.00073507234363065044 -0.00090529140182804817 -0.00099103654342999007
leaf_weight=21498 20 1211 1667 3257 6803 8159 1638 388201 384000 246 102 2688 285 2249 6263 6535 10130 280 4422 6065 6501 23 1129 84 23 162 21042 12212 2856 249
leaf_count=21498 20 1211 1667 3257 6803 8159 1638 388201 384000 246 102 2688 285 2249 6263 6535 10130 280 4422 6065 6501 23 1129 84 23 162 21042 12212 2856 249
internal_value=9.24713e-12 0.000541443 0.00124821 0.000955534 0.00142683 -6.24664e-05 -5.73418e-05 -8.33198e-05 -0.000100269 -0.00472442 -0.00253639 0.00351424 0.00478382 -6.55881e-05 0.000866199 -0.000406599 0.00102889 0.00157564 0.000733812 0.000442176 0.000294205 0.00207994 0.00165226 -0.0110922 -0.0119929 -0.0110377 -0.000338881 -0.00060658 -0.00018852 0.0006785
internal_weight=900000 93093 43013 38093 28301 806907 806021 783969 772201 886 681 4920 2973 50080 22052 9792 11768 1947 12759 10487 12764 2272 9288 186 205 185 37321 13423 23898 495
internal_count=900000 93093 43013 38093 28301 806907 806021 783969 772201 886 681 4920 2973 50080 22052 9792 11768 1947 12759 10487 12764 2272 9288 186 205 185 37321 13423 23898 495
is_linear=0
shrinkage=0.1


Tree=65
num_leaves=31
num_cat=0
split_feature=2 0 4 0 1 3 3 0 1 0 2 5 3 4 3 0 0 5 0 2 1 0 4 1 5 1 0 2 3 3
split_gain=2.74649 7.04376 5.60929 8.20114 4.64881 3.96121 3.59579 3.59373 6.04882 2.79181 2.29892 1.53639 1.47746 1.49252 1.43249 1.62825 1.60598 1.35463 0.919597 0.718199 0.660158 0.570703 1.58369 5.01587 0.989759 0.498486 0.477878 0.340146 0.152442 0.349586
threshold=42.250000000000007 231.65000152587893 1.0000000180025095e-35 381.65000915527349 49.049999237060554 23.250000000000004 14.34999990463257 283.15000915527349 42.549999237060554 191.15000152587893 48.149999618530281 1.0000000180025095e-35 21.250000000000004 1.0000000180025095e-35 28.44999980926514 252.44999694824222 102.35000228881837 1.0000000180025095e-35 50.649999618530281 18.44999980926514 19.550000190734867 333.75000000000006 1.0000000180025095e-35 22.150000572204593 1.0000000180025095e-35 49.549999237060554 11.150000095367433 1.6500000357627871 11.750000000000002 28.849999427795414
decision_type=2 2 2 2 2 2 2 2 2 2 2 2 2 2 2 2 2 2 2 2 2 2 2 2 2 2 2 2 2 2
left_child=2 10 6 4 5 -4 7 8 -1 -6 17 19 13 -12 16 -16 -8 18 -2 -5 -9 22 24 -24 -3 -19 -14 -13 -23 -30
right_child=1 21 3 11 9 -7 14 20 -10 -11 12 27 26 -15 15 -17 -18 25 -20 -21 -22 28 23 -25 -26 -27 -28 -29 29 -31
leaf_value=0.0010101008108193714 0.0010314214079317565 0.00019793112290473564 0.0032279738027928885 -0.0024853042451523427 0.0026171699443868564 -0.0002916811128867933 0.00051387140856356932 -0.00051191457350577925 -0.0012925107102449904 -0.0049585158936853646 -0.0015008983022728997 0.0066766444164319738 0.00053922524743898028 0.00060143057974084866 -0.0021310897919691505 -0.00024000068137462052 -0.00045972287119956786 0.001932165473071364 -0.0011571863093502316 -0.00070269448719038593 5.9430935062652685e-05 -9.4119211866848228e-05 0.0008216999935739119 -0.0071721071325880452 -0.0012863710706218848 -0.0031302066782915717 -0.0028201581613141822 0.00098538476226886908 0.00014041609040526358 -5.7769869152078388e-05
leaf_weight=93037 2494 17492 21219 3749 765 3765 22428 29887 13003 1336 28379 109 444 3833 9174 9039 69276 3224 8339 5691 62544 113096 1862 1357 6045 207 9147 2872 174175 182012
leaf_count=93037 2494 17492 21219 3749 765 3765 22428 29887 13003 1336 28379 109 444 3833 9174 9039 69276 3224 8339 5691 62544 113096 1862 1357 6045 207 9147 2872 174175 182012
internal_value=1.53992e-11 -0.000138669 0.000220067 0.00134195 0.00231766 0.00269757 7.63488e-05 0.000330465 0.000727746 -0.00220012 -0.00120109 -0.000785658 -0.00157513 -0.00125074 -0.000382494 -0.00119255 -0.000221611 -0.000104884 -0.00065332 -0.00141064 -0.00012531 -1.85848e-05 -0.0004678 -0.00254817 -0.000183282 0.00162674 -0.00266464 0.00119349 7.02701e-06 3.91428e-05
internal_weight=900000 552106 347894 39506 27085 24984 308388 198471 106040 2101 56067 12421 41803 32212 109917 18213 91704 14264 10833 9440 92431 496039 26756 3219 23537 3431 9591 2981 469283 356187
internal_count=900000 552106 347894 39506 27085 24984 308388 198471 106040 2101 56067 12421 41803 32212 109917 18213 91704 14264 10833 9440 92431 496039 26756 3219 23537 3431 9591 2981 469283 356187
is_linear=0
shrinkage=0.1


Tree=66
num_leaves=31
num_cat=0
split_feature=1 5 2 4 0 3 0 0 3 0 1 2 3 0 3 0 3 4 2 5 5 0 0 0 2 2 1 1 3 3
split_gain=2.50862 3.62712 2.49456 2.87199 5.22622 2.09752 1.70072 1.70177 1.10899 1.25392 8.1489 7.22756 1.74502 1.01712 0.944682 0.725505 1.42791 0.874952 0.651038 0.542648 0.479569 0.405427 0.354483 0.346453 0.319439 0.283956 0.278865 0.234201 0.215366 0.20668
threshold=9.9499998092651385 1.0000000180025095e-35 47.649999618530281 1.0000000180025095e-35 443.55000305175787 4.2500000000000009 391.65000915527349 598.64999389648449 0.65000000596046459 223.25000000000003 44.549999237060554 47.649999618530281 16.050000190734867 156.25000000000003 5.5499999523162851 296.65000915527349 7.4500000476837167 1.0000000180025095e-35 47.049999237060554 1.0000000180025095e-35 1.0000000180025095e-35 705.35000610351574 493.15000915527349 43.350000381469734 5.1499998569488534 21.750000000000004 19.250000000000004 37.750000000000007 32.250000000000007 11.34999990463257
decision_type=2 2 2 2 2 2 2 2 2 2 2 2 2 2 2 2 2 2 2 2 2 2 2 2 2 2 2 2 2 2
left_child=1 2 3 5 -5 -1 14 24 13 10 11 -10 -12 20 23 16 -4 -17 -16 25 26 22 -11 -3 -8 -15 -2 -22 -23 -9
right_child=8 6 15 4 -6 -7 7 29 9 21 12 -13 -14 19 18 17 -18 -19 -20 -21 27 28 -24 -25 -26 -27 -28 -29 -30 -31
leaf_value=0.0012728092631002544 0.00036869431284104016 0.0044777213655367454 0.00030173309274161798 0.0030827645930824503 -0.0045418820063943604 -0.00010593004269829928 0.0018192855479232076 0.0012963735690016201 0.00030899884910676661 -2.9500327351156899e-05 -0.0018661267562434783 -0.0016215781404679396 -0.0042769754516506905 0.00087092983803426817 0.0016346817739752455 3.4626850612916919e-05 -0.0019272179220338925 -0.0021812513943357237 0.00022740844872804573 0.0015137151794856402 0.0055373673897782675 0.00010243301674921501 -0.00027718592405992005 0.0024137155124690454 -0.0011205475792988077 -0.00034345738127671981 0.0026411965176473401 0.00018034232755828844 -5.4025997091824761e-05 0.0030749134382382494
leaf_weight=14013 893 947 4203 7363 1024 51908 397 1348 97195 146208 12730 24225 3929 2680 15026 14739 9090 2027 4208 3144 579 218721 95540 5758 5357 6839 1366 95 147180 1268
leaf_count=14013 893 947 4203 7363 1024 51908 397 1348 97195 146208 12730 24225 3929 2680 15026 14739 9090 2027 4208 3144 579 218721 95540 5758 5357 6839 1366 95 147180 1268
internal_value=-1.21012e-11 0.000391183 9.79573e-05 0.000408903 0.00215184 0.000187152 0.00128317 4.37258e-05 -7.12545e-05 -8.87085e-05 -0.000360733 -7.61784e-05 -0.00243472 0.000763317 0.00168311 -0.000670723 -0.00122246 -0.000233272 0.0013268 0.000374659 0.00244132 -2.68952e-05 -0.000127387 0.00270523 -0.000917712 -1.55616e-06 0.00174286 0.0047823 3.9499e-05 0.00215845
internal_weight=900000 138676 104367 74308 8387 65921 34309 8370 761324 745728 138079 121420 16659 15596 25939 30059 13293 16766 19234 12663 2933 607649 241748 6705 5754 9519 2259 674 365901 2616
internal_count=900000 138676 104367 74308 8387 65921 34309 8370 761324 745728 138079 121420 16659 15596 25939 30059 13293 16766 19234 12663 2933 607649 241748 6705 5754 9519 2259 674 365901 2616
is_linear=0
shrinkage=0.1


Tree=67
num_leaves=31
num_cat=0
split_feature=2 0 5 1 3 0 0 1 0 1 3 0 4 3 0 3 4 5 0 5 5 1 4 0 2 3 0 1 3 1
split_gain=2.30459 2.07497 1.88679 3.89666 3.22644 2.96577 1.27508 6.43628 0.998868 0.850077 0.650199 0.896223 0.640103 0.586495 0.454347 0.449937 0.411654 0.294508 0.324093 0.273172 0.243597 0.313501 0.243319 0.231047 0.148967 0.146622 0.117362 0.0886623 0.136024 0.124425
threshold=1.6500000357627871 3.6499999761581425 1.0000000180025095e-35 49.049999237060554 24.849999427795414 371.75000000000006 248.34999847412112 45.549999237060554 348.05000305175787 34.850000381469734 17.050000190734867 137.05000305175784 1.0000000180025095e-35 23.650000572204593 113.95000076293947 2.2500000000000004 1.0000000180025095e-35 1.0000000180025095e-35 605.04998779296886 1.0000000180025095e-35 1.0000000180025095e-35 7.5499999523162851 1.0000000180025095e-35 352.94999694824224 86.950000762939467 32.049999237060554 244.05000305175784 29.94999980926514 0.84999999403953563 33.149999618530281
decision_type=2 2 2 2 2 2 2 2 2 2 2 2 2 2 2 2 2 2 2 2 2 2 2 2 2 2 2 2 2 2
left_child=8 15 6 4 -4 -5 7 -3 9 13 11 -11 -8 16 -15 20 -1 27 23 24 21 -2 -20 -19 -17 -21 -12 28 -10 -29
right_child=1 2 3 5 -6 -7 12 -9 17 10 26 -13 -14 14 -16 19 -18 18 22 25 -22 -23 -24 -25 -26 -27 -28 29 -30 -31
leaf_value=0.0022444102999357621 0.00895470781795169 -0.00017208547731171743 0.00081671495237317605 -0.002307769682248083 -0.00054817890673380183 -0.00010753116414657701 7.6997574666285544e-06 -0.0024782179249901205 0.0032565489524443237 0.0044012561869336293 -0.0052530704079610446 -0.00093429531709330574 -0.00034355711390106 0.0025463605578363423 -0.0013857510084125096 0.0013646053975267466 0.0045654839386179711 -0.009061469115316868 0.0034110597106301005 0.0038498585696952812 0.0097141326991140448 0.0020646532526583756 0.013419685595565374 0.00070701648058976512 0.0094533297941898527 -0.0046216843561047603 -0.0013334419955877035 0.0032430858461355624 -0.0012550146053742493 -0.00022972885164430687
leaf_weight=6551 94 153648 104265 6585 20769 87949 436444 13137 70 458 245 1007 58879 484 748 2260 865 25 242 753 103 222 27 769 23 21 111 110 1475 1661
leaf_count=6551 94 153648 104265 6585 20769 87949 436444 13137 70 458 245 1007 58879 484 748 2260 865 25 242 753 103 222 27 769 23 21 111 110 1475 1661
internal_value=2.33871e-11 -2.07253e-05 -3.03388e-05 0.000223693 0.000589997 -0.000260794 -0.000114581 -0.00035373 0.00123552 0.00176599 -0.000197734 0.000733747 -3.40541e-05 0.00217948 0.000159007 0.00241771 0.00251514 -3.26699e-05 0.00141577 0.00199651 0.00549081 0.00411423 0.00441564 0.000399445 0.00144609 0.00362001 -0.00403094 -0.000496993 -0.00105061 -1.40261e-05
internal_weight=900000 885152 881676 219568 125034 94534 662108 166785 14848 10469 1821 1465 495323 8648 1232 3476 7416 4379 1063 3057 419 316 269 794 2283 774 356 3316 1545 1771
internal_count=900000 885152 881676 219568 125034 94534 662108 166785 14848 10469 1821 1465 495323 8648 1232 3476 7416 4379 1063 3057 419 316 269 794 2283 774 356 3316 1545 1771
is_linear=0
shrinkage=0.1


Tree=68
num_leaves=30
num_cat=0
split_feature=0 6 3 0 0 5 5 1 2 0 5 2 6 3 1 3 4 3 2 3 3 2 0 0 2 6 2 2 1
split_gain=2.10722 1.58324 1.60432 1.50603 1.43161 1.63521 1.32508 1.29211 1.16268 1.00894 0.75921 0.723984 0.680266 0.608118 0.56858 0.545779 0.431232 0.372737 0.360037 0.334114 0.271602 0.267965 0.24401 0.220597 0.161553 0.156447 0.142084 0.108143 0.0606253
threshold=39.850000381469734 14.500000000000002 1.2500000000000002 292.05000305175787 265.25000000000006 1.0000000180025095e-35 1.0000000180025095e-35 2.1499999761581425 40.649999618530281 605.04998779296886 1.0000000180025095e-35 3.7500000000000004 16.500000000000004 4.0499999523162851 0.94999998807907116 27.050000190734867 1.0000000180025095e-35 6.3500001430511483 8.4499998092651385 35.750000000000007 8.2500000000000018 12.84999990463257 3.6499999761581425 1647.350036621094 19.750000000000004 2.5000000000000004 7.1499998569488534 29.650000572204593 9.3499999046325701
decision_type=2 2 2 2 2 2 2 2 2 2 2 2 2 2 2 2 2 2 2 2 2 2 2 2 2 2 2 2 2
left_child=6 4 3 8 17 25 12 11 -3 -9 -5 -4 27 22 20 -16 19 28 -18 -15 -14 -19 26 -7 -24 -6 -8 -1 -2
right_child=1 2 7 10 5 23 13 9 -10 -11 -12 -13 14 16 15 -17 18 21 -20 -21 -22 -23 24 -25 -26 -27 -28 -29 -30
leaf_value=-0.0071288811663786575 -0.021400037399408493 0.0020122617638756177 0.0026587361916031193 -0.00020829601611520559 0.0054746479597977474 -0.011048772653025068 0.012935942780947493 -0.00019546589417212182 -0.00012258322261405041 2.9546743458029136e-05 0.0011120763843344037 0.00050304359728748954 0.00061706531727686535 0.0011450264057738346 0.00044911529505188585 -0.0011324685872922597 0.0074938612196034614 -0.015546822017058731 0.0024349338784519559 -0.0069000908639281992 0.0040222571783114971 -0.0062661055759027865 0.0041627405997263396 -0.0011384505491990309 0.0021218706328399884 0.00044222459333531302 0.0055537167344548999 -0.016835355788299984 -0.014970776248215276
leaf_weight=24 22 9956 1667 17013 72 165 31 385938 3430 412009 5853 23817 375 7091 26091 2381 173 40 753 52 624 140 669 26 923 435 164 22 44
leaf_count=24 22 9956 1667 17013 72 165 31 385938 3430 412009 5853 23817 375 7091 26091 2381 173 40 753 52 624 140 669 26 923 435 164 22 44
internal_value=5.20235e-12 -3.27284e-05 -2.82339e-05 0.000622831 -0.00412579 -0.0018139 0.000715388 -5.68974e-05 0.00146523 -7.92837e-05 0.000129679 0.000644055 0.000380163 0.00171933 0.00039913 0.000316854 0.00134967 -0.0106855 0.00338007 0.00108646 0.00274403 -0.00832849 0.00338846 -0.00969972 0.0029795 0.00115689 0.0067273 -0.0117711 -0.0171139
internal_weight=900000 860627 859683 36252 944 698 39373 823431 13386 797947 22866 25484 29517 9856 29471 28472 8069 246 926 7143 999 180 1787 191 1592 507 195 46 66
internal_count=900000 860627 859683 36252 944 698 39373 823431 13386 797947 22866 25484 29517 9856 29471 28472 8069 246 926 7143 999 180 1787 191 1592 507 195 46 66
is_linear=0
shrinkage=0.1


Tree=69
num_leaves=31
num_cat=0
split_feature=2 5 1 6 0 4 0 0 5 0 0 4 0 0 4 3 3 3 0 3 0 1 3 1 0 0 3 6 1 1
split_gain=2.02327 2.26354 1.33961 1.19179 1.14427 1.09725 4.2984 1.61614 1.09351 1.19234 1.0717 0.752899 2.22044 0.684021 0.655848 0.587545 0.446411 0.390035 0.353228 0.34926 0.386851 0.308054 0.288574 0.284463 0.239575 0.223584 0.221873 0.220272 0.181916 0.15415
threshold=7.5499999523162851 1.0000000180025095e-35 9.3499999046325701 14.500000000000002 3.6499999761581425 1.0000000180025095e-35 183.44999694824222 239.94999694824222 1.0000000180025095e-35 265.25000000000006 310.25000000000006 1.0000000180025095e-35 357.44999694824224 235.94999694824222 1.0000000180025095e-35 0.25000000745058065 8.2500000000000018 1.2500000000000002 11.150000095367433 28.44999980926514 465.75000000000006 138.44999694824222 3.6499999761581425 23.150000572204593 1.0000000180025095e-35 1019.7500000000001 25.250000000000004 8.5000000000000018 3.9500000476837163 4.2500000000000009
decision_type=2 2 2 2 2 2 2 2 2 2 2 2 2 2 2 2 2 2 2 2 2 2 2 2 2 2 2 2 2 2
left_child=1 2 10 8 17 7 -7 -6 9 22 15 16 -13 18 -12 -1 -4 28 29 21 -21 -15 -2 -20 -19 26 -10 -27 -5 -3
right_child=3 13 11 4 5 6 -8 -9 25 -11 14 12 -14 19 -16 -17 -18 24 23 20 -22 -23 -24 -25 -26 27 -28 -29 -30 -31
leaf_value=0.0085386214635824829 -0.017951167016117663 0.0090355915464209145 0.00015017847240421272 0.012927388220630187 -0.00036220962437167378 0.0017390659289325116 -3.0224151767964787e-05 -7.3478912566827941e-06 -0.0099318912072055097 0.00099755754323213098 -0.00098773035305058598 0.0027588526911751831 -0.0021217256673986807 0.0009702491448474092 0.0035679844016862274 0.0014982862683150756 -0.00058575384534426957 0.0095943374899090158 0.0023947621185762321 -0.0034512036832287174 0.0017248224155282826 0.0062083599028961833 -0.0067746246151182271 0.0011543730952119637 0.0014939722137100617 0.00058119878978342627 -0.020142915051430465 -0.010568631929345429 0.0048178636404271752 0.0040425099768710542
leaf_weight=120 27 74 14486 33 166132 16521 81316 564167 143 490 2944 2826 1391 7413 354 9724 19124 37 5634 372 236 114 160 2752 2767 37 25 34 171 376
leaf_count=120 27 74 14486 33 166132 16521 81316 564167 143 490 2944 2826 1391 7413 354 9724 19124 37 5634 372 236 114 160 2752 2767 37 25 34 171 376
internal_value=-1.06655e-11 0.000524711 0.000191644 -4.28441e-05 -3.8871e-05 -4.59425e-05 0.000268543 -8.80736e-05 -0.0036479 -0.001595 0.00106142 -0.000110537 0.00114897 0.00152501 -0.00049873 0.00158411 -0.000268565 0.001908 0.00213417 0.000863358 -0.00144209 0.00104958 -0.00838835 0.00198771 0.00160086 -0.00946302 -0.0114514 -0.00475816 0.0061297 0.00486359
internal_weight=900000 67940 50969 832060 831144 828136 97837 730299 916 677 13142 37827 4217 16971 3298 9844 33610 3008 8836 8135 608 7527 187 8386 2804 239 168 71 204 450
internal_count=900000 67940 50969 832060 831144 828136 97837 730299 916 677 13142 37827 4217 16971 3298 9844 33610 3008 8836 8135 608 7527 187 8386 2804 239 168 71 204 450
is_linear=0
shrinkage=0.1


Tree=70
num_leaves=31
num_cat=0
split_feature=3 2 0 4 1 0 0 3 1 4 0 0 5 5 5 0 0 2 5 0 1 0 1 1 3 5 0 3 5 5
split_gain=1.73772 3.52684 2.93058 3.10645 2.92901 2.85487 1.53406 3.61359 3.5049 3.59914 2.1214 0.937767 2.77523 1.35763 0.842642 2.08886 1.44248 0.859335 0.745462 0.507172 1.60291 0.777729 0.449295 0.314486 0.312867 0.388504 0.34422 0.283303 0.571386 0.530459
threshold=9.0500001907348651 26.150000572204593 338.55000305175787 1.0000000180025095e-35 23.150000572204593 117.75000000000001 432.75000000000006 26.650000572204593 37.750000000000007 1.0000000180025095e-35 203.05000305175784 227.44999694824222 1.0000000180025095e-35 1.0000000180025095e-35 1.0000000180025095e-35 460.05000305175787 611.54998779296886 48.649999618530281 1.0000000180025095e-35 113.95000076293947 51.549999237060554 305.65000915527349 28.349999427795414 47.549999237060554 11.750000000000002 1.0000000180025095e-35 493.15000915527349 29.44999980926514 1.0000000180025095e-35 1.0000000180025095e-35
decision_type=2 2 2 2 2 2 2 2 2 2 2 2 2 2 2 2 2 2 2 2 2 2 2 2 2 2 2 2 2 2
left_child=1 2 3 4 -1 -5 7 8 9 -2 -10 13 -13 -9 19 17 -17 -16 22 20 -3 -21 -4 -20 25 -8 -27 29 -29 -26
right_child=6 14 18 5 -6 -7 24 11 10 -11 -12 12 -14 -15 15 16 -18 -19 23 21 -22 -23 -24 -25 27 26 -28 28 -30 -31
leaf_value=0.0013831530495404852 -0.00011012653237798485 0.00053806843779492482 -0.00077726897244074329 0.00048070843619649 -8.0707005205052763e-05 0.004560562406718551 -7.5123415754546342e-05 -0.0022145227803824497 -0.0020446474264932684 0.0014045745397254419 -0.0004059074094752205 0.00018897956837998539 -0.0030438988664870451 -0.00020303863017687328 0.0016432093951803863 -0.0015336198763461874 0.00019880019692861169 0.00030728453114140604 0.0012488590801436577 -0.0007654130587071812 -0.0047808131693521634 -0.00013124675446852857 3.94980514267044e-05 5.0323384867736414e-05 3.8159921181408854e-05 0.00089874031728332448 -0.0011033123289662875 6.0394398394958168e-05 -0.00035337694191878914 0.00041835495055543857
leaf_weight=36313 136625 14891 11382 2755 21919 4544 25157 14259 13367 17722 19313 10191 3591 4388 11209 7001 15331 8441 5280 25041 589 84919 16496 3740 149486 974 7260 134825 44353 48638
leaf_count=36313 136625 14891 11382 2755 21919 4544 25157 14259 13367 17722 19313 10191 3591 4388 11209 7001 15331 8441 5280 25041 589 84919 16496 3740 149486 974 7260 134825 44353 48638
internal_value=1.25197e-11 0.000212338 0.000674534 0.0010759 0.000832144 0.00302063 -9.09304e-05 -0.000304375 -0.000135404 6.37902e-05 -0.0010762 -0.00127887 -0.00065337 -0.00174118 -7.04335e-05 0.000317361 -0.000344307 0.00106934 -3.82983e-05 -0.00020022 0.00033569 -0.000275664 -0.000293971 0.000751905 2.31246e-05 -0.000270269 -0.000866489 4.90898e-05 -4.20289e-05 0.000131495
internal_weight=900000 269851 102429 65531 58232 7299 630149 219456 187027 154347 32680 32429 13782 18647 167422 41982 22332 19650 36898 125440 15480 109960 27878 9020 410693 33391 8234 377302 179178 198124
internal_count=900000 269851 102429 65531 58232 7299 630149 219456 187027 154347 32680 32429 13782 18647 167422 41982 22332 19650 36898 125440 15480 109960 27878 9020 410693 33391 8234 377302 179178 198124
is_linear=0
shrinkage=0.1


Tree=71
num_leaves=31
num_cat=0
split_feature=1 3 5 6 0 5 0 0 0 2 4 0 0 0 2 3 2 0 0 0 0 1 5 0 2 2 3 0 0 3
split_gain=1.62577 1.2026 1.12762 1.01444 0.965003 1.05176 0.948459 0.858343 0.847063 0.812338 0.731569 2.36351 0.867775 0.655759 0.62276 0.457267 0.452398 0.591047 0.450545 0.550579 0.407388 0.40762 0.348963 0.289649 0.272292 0.256107 0.24562 0.226775 0.15715 0.129169
threshold=3.3500000238418584 0.84999999403953563 1.0000000180025095e-35 14.500000000000002 175.75000000000003 1.0000000180025095e-35 43.350000381469734 631.85000610351574 171.84999847412112 48.149999618530281 1.0000000180025095e-35 422.34999084472662 113.95000076293947 18.44999980926514 0.84999999403953563 2.2500000000000004 12.84999990463257 296.65000915527349 386.65000915527349 540.95001220703136 106.54999923706056 49.049999237060554 1.0000000180025095e-35 7.3500001430511483 13.34999990463257 76.049999237060561 3.6499999761581425 14.84999990463257 7.3500001430511483 0.45000000298023229
decision_type=2 2 2 2 2 2 2 2 2 2 2 2 2 2 2 2 2 2 2 2 2 2 2 2 2 2 2 2 2 2
left_child=2 8 10 4 26 -6 9 -8 20 -5 13 12 -12 25 -15 27 17 -10 24 -20 23 -22 -18 -2 -17 -1 -3 28 -4 -29
right_child=1 3 15 6 5 -7 7 -9 16 -11 11 -13 -14 14 -16 18 22 -19 19 -21 21 -23 -24 -25 -26 -27 -28 29 -30 -31
leaf_value=0.00199997692162636 0.0041830222983834037 -0.020451135454433306 0.0033906013108789923 0.00066935189890882779 0.00038940491412478963 -0.0082801840716490039 -0.00017683880810491975 3.1480447422177172e-05 0.0033821557526034158 -0.00057709280204012461 0.00064550869156523882 -0.0030977160908981106 0.004058675880061563 0.0035655709545682509 -2.8754078736574968e-05 0.0025464814276654362 -0.00017042492564668877 0.0004759334353031053 -0.0012150438878455968 0.0017520015023786287 0.0031751765532806939 -0.0024239379675177822 0.00093060317989752484 0.00081039012754567565 0.0012154656885896456 0.010216804374104892 -0.0088693233651922724 0.00074350506556623527 0.013972161184938159 0.0033542711601382393
leaf_weight=1386 276 21 25 29940 539 189 390220 401085 1034 6335 1178 861 2026 490 29687 2108 11409 2165 1471 1088 2013 139 3850 3291 5674 39 143 231 32 1055
leaf_count=1386 276 21 25 29940 539 189 390220 401085 1034 6335 1178 861 2026 490 29687 2108 11409 2165 1471 1088 2013 139 3850 3291 5674 39 143 231 32 1055
internal_value=3.53546e-12 -3.16729e-05 0.000570333 -5.19608e-05 -0.00342248 -0.00186135 -4.83279e-05 -7.1249e-05 0.000663531 0.000451675 0.000291028 0.00155379 0.00280377 0.000128597 2.96089e-05 0.00142295 0.000334055 0.0014153 0.0011975 4.64432e-05 0.00172691 0.00281352 0.000107376 0.00107135 0.00157601 0.00222486 -0.0103524 0.00315888 0.00933113 0.00288531
internal_weight=900000 852649 47351 828472 892 728 827580 791305 24177 36275 35667 4065 3204 31602 30177 11684 18458 3199 10341 2559 5719 2152 15259 3567 7782 1425 164 1343 57 1286
internal_count=900000 852649 47351 828472 892 728 827580 791305 24177 36275 35667 4065 3204 31602 30177 11684 18458 3199 10341 2559 5719 2152 15259 3567 7782 1425 164 1343 57 1286
is_linear=0
shrinkage=0.1


Tree=72
num_leaves=31
num_cat=0
split_feature=2 5 1 4 3 0 0 3 0 3 1 0 0 1 3 0 4 3 0 0 3 0 5 5 4 1 0 0 1 0
split_gain=1.52494 1.30499 2.96686 2.33889 2.46267 2.32099 2.04152 1.99939 0.849719 4.8371 4.71371 1.40314 0.642744 0.565395 0.490261 0.733395 0.489457 0.624116 0.612205 0.449918 0.381667 0.415151 0.313911 0.189949 0.293407 0.204852 0.177886 0.0920079 0.0765777 0.10747
threshold=1.6500000357627871 1.0000000180025095e-35 49.049999237060554 1.0000000180025095e-35 18.050000190734867 391.65000915527349 476.44999694824224 19.849999427795414 283.15000915527349 20.050000190734867 28.750000000000004 61.45000076293946 348.05000305175787 34.850000381469734 17.050000190734867 137.05000305175784 1.0000000180025095e-35 5.7500000000000009 362.34999084472662 65.149997711181655 8.2500000000000018 129.44999694824222 1.0000000180025095e-35 1.0000000180025095e-35 1.0000000180025095e-35 70.450000762939467 605.04998779296886 244.05000305175784 127.14999771118165 729.64999389648449
decision_type=2 2 2 2 2 2 2 2 2 2 2 2 2 2 2 2 2 2 2 2 2 2 2 2 2 2 2 2 2 2
left_child=12 8 3 4 -3 7 -7 -4 9 10 -2 -11 13 20 15 -15 17 -10 -18 -5 21 -1 -22 28 26 -26 -25 -16 -14 -30
right_child=1 2 5 19 -6 6 -8 -9 16 11 -12 -13 23 14 27 -17 18 -19 -20 -21 22 -23 -24 24 25 -27 -28 -29 29 -31
leaf_value=0.0013160580965874984 0.00034283500677283782 0.00068531192643259521 -0.0014176265947406436 0.0032295869419745834 -0.00031588352171496798 0.002468076376570007 -0.00017807747904044054 -0.0071405118872955742 -0.0002539188604882578 -0.00018391034894899179 -0.00093798692678397208 -0.0015314442418817315 -0.00048378394406659768 0.0039555613439800586 -0.0045815700207057662 -0.00087102663092226875 0.00076621739324452248 7.6207620047303931e-05 -0.00039394594123034029 0.0014991988172046366 0.00076706834602677904 0.0035183836642277071 0.0025636700738306773 -0.00027130502235084075 0.0034768593972836883 0.013055870299235564 0.0028767376353055979 -0.0011110619855792942 0.0055128760165714013 -0.00029861874489408988
leaf_weight=1498 108782 74599 6571 1700 36632 3020 84309 673 68487 10170 39047 32170 3182 458 245 1007 4989 349560 51502 12941 3852 1997 1301 695 97 29 242 111 52 82
leaf_count=1498 108782 74599 6571 1700 36632 3020 84309 673 68487 10170 39047 32170 3182 458 245 1007 4989 349560 51502 12941 3852 1997 1301 695 97 29 242 111 52 82
internal_value=-1.11127e-11 -1.6859e-05 0.000193984 0.000511977 0.000355586 -0.000229249 -8.65685e-05 -0.00194931 -8.67835e-05 -0.000265386 4.52348e-06 -0.00120777 0.00100503 0.00143055 -0.000170944 0.0006379 -1.52092e-05 2.21243e-05 -0.000291486 0.00170012 0.00176778 0.00257444 0.00122066 -1.22696e-05 0.00115098 0.00568155 0.000541743 -0.00349947 -0.000385168 0.00195659
internal_weight=900000 885152 220445 125872 111231 94573 87329 7244 664707 190169 147829 42340 14848 10469 1821 1465 474538 418047 56491 14641 8648 3495 5153 4379 1063 126 937 356 3316 134
internal_count=900000 885152 220445 125872 111231 94573 87329 7244 664707 190169 147829 42340 14848 10469 1821 1465 474538 418047 56491 14641 8648 3495 5153 4379 1063 126 937 356 3316 134
is_linear=0
shrinkage=0.1


Tree=73
num_leaves=31
num_cat=0
split_feature=2 0 4 0 1 0 3 0 1 3 0 3 5 0 5 1 1 1 5 0 3 5 3 0 4 1 5 3 1 0
split_gain=1.48479 5.398 2.84451 4.65921 3.58434 3.20663 2.78364 1.95794 1.69961 1.56089 3.16003 1.21389 1.15335 1.08079 1.07023 1.03211 0.737355 0.691441 0.480757 0.478364 0.462822 0.454196 0.380084 0.365496 0.99752 3.03147 1.40479 0.328552 0.210824 0.409638
threshold=47.649999618530281 231.65000152587893 1.0000000180025095e-35 412.15000915527349 42.549999237060554 187.15000152587893 21.44999980926514 98.549999237060561 43.549999237060554 16.44999980926514 256.94999694824224 16.050000190734867 1.0000000180025095e-35 39.850000381469734 1.0000000180025095e-35 25.94999980926514 3.6499999761581425 7.8500001430511483 1.0000000180025095e-35 195.25000000000003 8.8499999046325701 1.0000000180025095e-35 3.6499999761581425 348.05000305175787 1.0000000180025095e-35 21.750000000000004 1.0000000180025095e-35 4.0499999523162851 31.94999980926514 487.34999084472662
decision_type=2 2 2 2 2 2 2 2 2 2 2 2 2 2 2 2 2 2 2 2 2 2 2 2 2 2 2 2 2 2
left_child=2 13 7 4 6 -6 -4 8 12 14 -11 -10 -1 17 -9 21 20 27 -17 -18 -15 -5 -19 24 26 -26 -3 -2 -25 -30
right_child=1 23 3 15 5 -7 -8 9 11 10 -12 -13 -14 16 -16 18 19 22 -20 -21 -22 -23 -24 28 25 -27 -28 -29 29 -31
leaf_value=0.0004219308600914051 0.0044258770589715333 0.00031878416870722919 0.0024684337771384117 -0.002590961404573976 0.0025797764395042136 -0.0035453058248382241 -6.798387631944827e-05 -5.2226538260497891e-05 -0.00042158888285366954 -0.0012237939981766485 7.5710420923183236e-05 -0.0041441187541589476 0.0014004165484179693 0.0011603030897448774 0.00049553658228236683 -0.0004873388591729096 -0.0017704144614914534 0.0014697014720885684 0.0012724497682231933 -0.00080624894741698489 -0.00098777369239362958 -0.00017446257734650427 -0.0010033129096199019 -0.0001445385730585624 0.00072102822469266863 -0.0056741138515855735 -0.0015169269699941267 0.00096902395348891701 0.00057058251931180323 1.7655499726907969e-05
leaf_weight=48582 333 16268 21887 3130 1334 2379 5393 145869 4227 31385 46345 1105 16018 1618 47214 6609 25158 723 2029 6469 2639 1035 4426 75889 1684 1324 5605 1577 13920 357826
leaf_count=48582 333 16268 21887 3130 1334 2379 5393 145869 4227 31385 46345 1105 16018 1618 47214 6609 25158 723 2029 6469 2639 1035 4426 75889 1684 1324 5605 1577 13920 357826
internal_value=1.0321e-11 -0.000110939 0.000148709 0.000907339 0.00157026 -0.0013447 0.00196701 5.12021e-05 0.00052292 -7.06094e-05 -0.00044899 -0.00119304 0.000664553 -0.00118439 8.17163e-05 -0.000697438 -0.0014069 -5.32796e-05 -7.3978e-05 -0.0015732 -0.000171333 -0.00199046 -0.000656063 -1.33826e-05 -0.000386428 -0.00209385 -0.00015162 0.00157171 7.35246e-06 3.83598e-05
internal_weight=900000 515459 384541 43796 30993 3713 27280 340745 69932 270813 77730 5332 64600 42943 193083 12803 35884 7059 8638 31627 4257 4165 5149 472516 24881 3008 21873 1910 447635 371746
internal_count=900000 515459 384541 43796 30993 3713 27280 340745 69932 270813 77730 5332 64600 42943 193083 12803 35884 7059 8638 31627 4257 4165 5149 472516 24881 3008 21873 1910 447635 371746
is_linear=0
shrinkage=0.1


Tree=74
num_leaves=31
num_cat=0
split_feature=3 0 4 5 1 6 1 0 5 0 0 1 2 0 3 2 1 0 2 5 0 2 0 2 6 2 0 1 3 2
split_gain=1.2803 1.33503 1.62225 1.23694 1.02687 0.941418 0.889087 0.841191 0.884436 0.767766 0.761209 1.5723 0.661865 0.461109 0.42372 0.424295 0.420675 0.292256 0.263235 0.254281 0.222734 0.360146 0.316293 0.220065 0.194322 0.18115 0.170293 0.149414 0.147526 0.110495
threshold=2.0499999523162846 407.25000000000006 1.0000000180025095e-35 1.0000000180025095e-35 1.2500000000000002 14.500000000000002 23.550000190734867 175.75000000000003 1.0000000180025095e-35 3.6499999761581425 287.65000915527349 25.94999980926514 1.6500000357627871 310.25000000000006 28.650000572204593 56.549999237060554 51.049999237060554 125.54999923706056 29.650000572204593 1.0000000180025095e-35 540.95001220703136 5.9500000476837167 522.75000000000011 8.0500001907348651 3.5000000000000004 1.2500000000000002 357.44999694824224 29.150000572204593 22.250000000000004 15.250000000000002
decision_type=2 2 2 2 2 2 2 2 2 2 2 2 2 2 2 2 2 2 2 2 2 2 2 2 2 2 2 2 2 2
left_child=1 2 3 6 13 7 -1 24 -9 23 17 -12 -11 14 15 -2 -5 -4 -16 27 22 -22 -21 -7 -6 26 -15 29 -27 -3
right_child=4 19 10 16 5 9 -8 8 -10 12 11 -13 -14 25 18 -17 -18 -19 -20 20 21 -23 -24 -25 -26 28 -28 -29 -30 -31
leaf_value=0.00072700464867814674 0.0015983079216413427 -0.0015355268453919714 0.00085297941683772169 0.001988475812841067 -0.0037144290877872015 0.0034016229920366008 -0.00055771193320980881 0.0002776362999013731 -0.007630226019136899 0.00066832271395503946 0.0085002738344778072 0.00059622219334414699 -6.166975721584452e-05 0.011678462374644975 -0.0030259712549953188 -0.00041066881716373695 -0.00072005200032018734 0.002887514745428226 0.00078602109479620574 8.0956235550532098e-05 0.0049690961133455856 0.00063914272060363209 -0.0033511013410098748 0.0011489726058469877 -0.011553345330412457 -0.00033923619975239039 0.0018615196394706286 -5.8526934953783795e-05 0.00089943441610262345 -0.00045000111492394005
leaf_weight=14651 8288 1115 1320 6599 42 522 8519 537 192 12615 588 440 804784 24 371 1204 628 1518 354 2095 200 4859 308 2563 128 4101 67 14215 1256 5897
leaf_count=14651 8288 1115 1320 6599 42 522 8519 537 192 12615 588 440 804784 24 371 1204 628 1518 354 2095 200 4859 308 2563 128 4101 67 14215 1256 5897
internal_value=-9.09536e-12 0.000434915 0.000856307 0.000610914 -3.27087e-05 -4.80047e-05 0.000254648 -0.00328225 -0.00180509 -4.44609e-05 0.00278574 0.00511722 -5.04037e-05 0.000769322 0.0011655 0.00134348 0.00175311 0.00194122 -0.00116467 -6.83486e-05 0.000433782 0.000810321 -0.000358941 0.00153013 -0.00961667 2.63375e-05 0.0044506 -0.000244864 -4.8818e-05 -0.000622614
internal_weight=900000 62952 34263 30397 837048 821383 23170 899 729 820484 3866 1028 817399 15665 10217 9492 7227 2838 725 28689 7462 5059 2403 3085 170 5448 91 21227 5357 7012
internal_count=900000 62952 34263 30397 837048 821383 23170 899 729 820484 3866 1028 817399 15665 10217 9492 7227 2838 725 28689 7462 5059 2403 3085 170 5448 91 21227 5357 7012
is_linear=0
shrinkage=0.1


Tree=75
num_leaves=31
num_cat=0
split_feature=2 0 3 0 1 4 1 6 4 0 1 0 0 5 4 1 1 5 0 3 0 4 1 5 2 5 0 1 1 0
split_gain=1.09588 4.45276 2.30223 2.614 3.56597 1.35129 4.35485 1.21023 1.08175 0.958968 1.24912 0.863474 0.669673 0.655921 0.617501 1.57066 0.570186 0.532683 0.492968 0.400717 0.31383 0.840087 2.42242 1.15409 0.268854 0.238838 0.191684 0.17327 0.421484 0.24003
threshold=47.649999618530281 231.65000152587893 24.44999980926514 167.84999847412112 45.549999237060554 1.0000000180025095e-35 23.550000190734867 15.500000000000002 1.0000000180025095e-35 422.34999084472662 33.549999237060554 39.850000381469734 75.950000762939467 1.0000000180025095e-35 1.0000000180025095e-35 25.150000572204593 37.750000000000007 1.0000000180025095e-35 199.15000152587893 4.0499999523162851 348.05000305175787 1.0000000180025095e-35 21.750000000000004 1.0000000180025095e-35 47.049999237060554 1.0000000180025095e-35 32.750000000000007 33.149999618530281 48.549999237060554 422.34999084472662
decision_type=2 2 2 2 2 2 2 2 2 2 2 2 2 2 2 2 2 2 2 2 2 2 2 2 2 2 2 2 2 2
left_child=2 11 3 4 7 13 -7 -1 -6 10 12 16 -4 -5 18 -16 19 -12 -13 -2 21 23 -23 -3 25 -11 -18 29 -29 -22
right_child=1 20 9 5 8 6 -8 -9 -10 24 17 14 -14 -15 15 -17 26 -19 -20 -21 27 22 -24 -25 -26 -27 -28 28 -30 -31
leaf_value=-0.0090711049986071882 0.0020399698609239441 0.00028947290236187932 0.00026042186700370201 -0.00017433267730362456 -0.0016777294048294915 0.0021452755724946822 -0.00047813624709490708 0.00077428905554432213 0.0019534313775851982 0.00045824621460434551 -0.001918175836600146 -0.0016071918843422546 -0.00087860423633930062 0.00024737319583108795 0.0010965676466018967 -0.003103252368569176 -0.0019537714497172374 -0.0047997979375740199 -0.0005802546181626285 -0.0001052346019924039 0.00029111025783607608 0.00059698973554554811 -0.0051197473475357918 -0.0013743929859099178 0.003758208795563764 -0.00057945375644811168 -0.0062339308496106357 0.00028176010189398981 -6.1952114336348705e-06 -0.00019378803884362552
leaf_weight=125 1043 16268 6714 150501 8091 11495 14076 106648 913 8026 2644 25898 22326 48857 3019 1263 617 847 5704 5273 12014 1684 1324 5605 213 3065 126 60927 306763 67931
leaf_count=125 1043 16268 6714 150501 8091 11495 14076 106648 913 8026 2644 25898 22326 48857 3019 1263 617 847 5704 5273 12014 1684 1324 5605 213 3065 126 60927 306763 67931
internal_value=-3.21293e-11 -9.5309e-05 0.000127757 0.000215523 0.0006016 1.6798e-05 0.000701173 0.000762763 -0.00130953 -0.000554397 -0.000830111 -0.00107025 -0.000615263 -7.09845e-05 -0.00126914 -0.000142193 -5.92387e-05 -0.00261733 -0.00142183 0.000249016 -6.70458e-06 -0.000352379 -0.00191929 -0.000136896 0.000239062 0.000171478 -0.00267961 1.25091e-05 4.15196e-05 -0.000120918
internal_weight=900000 515459 384541 340706 115777 224929 25571 106773 9004 43835 32531 42943 29040 199358 35884 4282 7059 3491 31602 6316 472516 24881 3008 21873 11304 11091 743 447635 367690 79945
internal_count=900000 515459 384541 340706 115777 224929 25571 106773 9004 43835 32531 42943 29040 199358 35884 4282 7059 3491 31602 6316 472516 24881 3008 21873 11304 11091 743 447635 367690 79945
is_linear=0
shrinkage=0.1


Tree=76
num_leaves=28
num_cat=0
split_feature=2 0 5 3 4 0 0 3 1 4 6 3 4 0 5 2 3 1 0 0 2 3 2 3 3 3 2
split_gain=1.02725 0.849663 0.737818 1.93728 1.81572 1.71322 0.935934 3.76079 0.567226 0.5295 0.52124 0.510882 0.376496 0.365785 0.243819 0.254199 0.190063 0.275274 0.188046 0.233625 0.147399 0.124403 0.112656 0.0900363 0.105128 0.0428194 0.0392378
threshold=3.3500000238418584 3.6499999761581425 1.0000000180025095e-35 28.44999980926514 1.0000000180025095e-35 698.04998779296886 248.34999847412112 22.250000000000004 0.94999998807907116 1.0000000180025095e-35 16.500000000000004 2.0499999523162846 1.0000000180025095e-35 274.34999084472662 1.0000000180025095e-35 5.1499998569488534 1.0500000119209292 7.8500001430511483 343.15000915527349 314.94999694824224 2.9500000476837163 2.4500000476837163 86.950000762939467 10.150000095367433 13.949999809265138 7.3500001430511483 2.0499999523162846
decision_type=2 2 2 2 2 2 2 2 2 2 2 2 2 2 2 2 2 2 2 2 2 2 2 2 2 2 2
left_child=8 14 6 4 -4 -5 7 -3 18 -8 -10 13 -13 -12 16 -16 17 -2 19 20 -1 -17 -18 26 -25 -21 -20
right_child=1 2 3 5 -6 -7 9 -9 10 -11 11 12 -14 -15 15 21 22 -19 23 25 -22 -23 -24 24 -26 -27 -28
leaf_value=0.0028035501335728552 0.011371285663474173 -6.9637871685612076e-05 0.00018163018086264643 -0.0016957725212824789 0.0012165199531827715 -0.00014379833266274392 2.7717048293223054e-05 -0.0013572529330530842 -0.011052578286482739 -0.00029338242349556746 0.0027034875947484407 0.00023199725787867421 0.0014266204475235945 0.00057195938176251985 0.011501175781492802 0.0058907410855005898 0.00077541113706693695 0.0019008939289242813 0.0039788753554529073 0.0077220905898138879 0.0073903048265492547 0.0022042489026900219 0.0076620110431880068 -0.0079013030156493188 0.00025340512998640364 0.014115296816453338 -0.00036935609136384709
leaf_weight=564 42 133415 144618 8505 19205 43454 431683 27330 39 58290 1713 23057 2979 1519 34 105 2321 114 49 20 80 714 24 25 43 22 36
leaf_count=564 42 133415 144618 8505 19205 43454 431683 27330 39 58290 1713 23057 2979 1519 34 105 2321 114 49 20 80 714 24 25 43 22 36
internal_value=4.30169e-12 -1.98888e-05 -2.60377e-05 0.000134205 0.00030295 -0.000397836 -7.91752e-05 -0.000288559 0.000573885 -1.04828e-05 0.000500491 0.000515886 0.000368684 0.0017017 0.00156867 0.00302861 0.00107074 0.00445061 0.00313759 0.00384461 0.00337333 0.00267688 0.000845892 -3.24711e-05 -0.00274465 0.0110709 0.00213727
internal_weight=900000 869854 866500 215782 163823 51959 650718 160745 30146 489973 29307 29268 26036 3232 3354 853 2501 156 839 686 644 819 2345 153 68 42 85
internal_count=900000 869854 866500 215782 163823 51959 650718 160745 30146 489973 29307 29268 26036 3232 3354 853 2501 156 839 686 644 819 2345 153 68 42 85
is_linear=0
shrinkage=0.1


Tree=77
num_leaves=28
num_cat=0
split_feature=1 3 6 0 5 0 4 0 3 3 0 0 0 3 3 0 2 2 2 0 0 0 4 2 6 3 2
split_gain=0.989373 0.829156 0.771942 0.667404 0.675217 0.649471 0.517055 0.510386 0.510519 0.464765 0.449322 0.447772 0.348237 0.320465 0.301016 0.277413 0.555094 0.299678 0.251112 0.26013 0.243196 0.234301 0.219475 0.167494 0.110236 0.0989088 0.0883323
threshold=1.8499999642372134 0.65000000596046459 14.500000000000002 265.25000000000006 1.0000000180025095e-35 22.150000572204593 1.0000000180025095e-35 310.25000000000006 8.4499998092651385 2.0499999523162846 167.84999847412112 179.55000305175784 65.149997711181655 17.250000000000004 3.6499999761581425 183.44999694824222 36.649999618530281 0.84999999403953563 14.750000000000002 338.55000305175787 698.04998779296886 18.44999980926514 1.0000000180025095e-35 2.4500000476837163 49.500000000000007 38.649999618530281 114.95000076293947
decision_type=2 2 2 2 2 2 2 2 2 2 2 2 2 2 2 2 2 2 2 2 2 2 2 2 2 2 2
left_child=7 10 3 14 -5 9 -7 8 15 -4 12 21 22 -13 -3 17 -17 -1 19 -12 -20 -10 -2 -14 -9 26 -26
right_child=1 2 5 4 -6 6 -8 24 11 -11 18 13 23 -15 -16 16 -18 -19 20 -21 -22 -23 -24 -25 25 -27 -28
leaf_value=0.0068926768819539911 2.2711726457645853e-05 -0.015147379706613721 0.0023742541088171438 0.00072257748573593061 -0.0064183729827553705 -7.1800235941764563e-05 0.00017242188687817444 0.0058621747361030435 0.0026884851827251163 0.00040890355029705441 0.0022602301847388369 0.00055716975853051676 0.0056860658333100604 -0.0013071384698489295 -0.0057329031774748327 0.0036827867803380038 0.00040693465499654465 0.001028769143888765 -0.00012786736656873382 0.00035587387675033069 0.00088227780734870948 0.00077746335446667253 0.0034541994160905034 0.0020348495845862041 -8.9361859954940808e-05 0.0063937191773826884 0.0017403962989834222
leaf_weight=89 1598 40 1287 486 182 735686 98269 32 718 18489 1281 1816 132 1873 225 1457 802 4199 8461 1630 3318 6027 211 2607 8789 24 272
leaf_count=89 1598 40 1287 486 182 735686 98269 32 718 18489 1281 1816 132 1873 225 1457 802 4199 8461 1630 3318 6027 211 2607 8789 24 272
internal_value=7.11414e-12 -1.81189e-05 -3.27329e-05 -0.00290758 -0.00122301 -2.95911e-05 -4.30223e-05 0.000606717 0.000930751 0.000536806 0.00063112 0.000496421 0.00149968 -0.000389387 -0.00715396 0.00162295 0.00251978 0.00115048 0.000362215 0.0011939 0.000156678 0.00098089 0.000422957 0.00221081 3.18364e-06 -1.74534e-05 -3.44348e-05
internal_weight=900000 873902 854664 933 668 853731 833955 26098 16981 19776 19238 10434 4548 3689 265 6547 2259 4288 14690 2911 11779 6745 1809 2739 9117 9085 9061
internal_count=900000 873902 854664 933 668 853731 833955 26098 16981 19776 19238 10434 4548 3689 265 6547 2259 4288 14690 2911 11779 6745 1809 2739 9117 9085 9061
is_linear=0
shrinkage=0.1


Tree=78
num_leaves=31
num_cat=0
split_feature=2 5 3 0 0 0 0 0 0 0 2 0 5 1 4 0 1 6 1 1 4 3 3 2 0 1 5 6 4 5
split_gain=0.8415 1.5921 1.3819 1.4496 1.6758 1.1622 0.839555 0.635772 0.616037 0.517823 1.2762 2.34946 1.30282 1.22956 1.58344 1.22468 0.676628 0.497349 0.494979 0.455418 0.446292 0.444517 0.332237 0.216311 0.232021 0.219094 1.19063 0.359417 0.180313 0.113853
threshold=14.34999990463257 1.0000000180025095e-35 7.1499998569488534 292.05000305175787 98.549999237060561 94.750000000000014 328.75000000000006 547.45001220703136 498.84999084472662 705.35000610351574 49.850000381469734 231.65000152587893 1.0000000180025095e-35 30.349999427795414 1.0000000180025095e-35 367.05000305175787 3.3500000238418584 15.500000000000002 9.3499999046325701 45.049999237060554 1.0000000180025095e-35 38.049999237060554 11.949999809265138 25.650000572204593 1260.9500122070315 51.049999237060554 1.0000000180025095e-35 2.5000000000000004 1.0000000180025095e-35 1.0000000180025095e-35
decision_type=2 2 2 2 2 2 2 2 2 2 2 2 2 2 2 2 2 2 2 2 2 2 2 2 2 2 2 2 2 2
left_child=1 2 3 4 -1 19 17 8 -8 10 13 16 -13 14 -2 -15 -12 -3 -7 -4 -5 -19 -9 24 28 26 -25 -27 -11 -26
right_child=9 6 5 20 -6 18 7 22 -10 23 11 12 -14 15 -16 -17 -18 21 -20 -21 -22 -23 -24 25 29 27 -28 -29 -30 -31
leaf_value=-0.00014640116037033588 6.7049956072760919e-05 -0.01317625361358902 0.00070759042387221133 -0.0003984264380482632 0.0017467913626870689 8.5452647217380405e-05 -3.5790457355741306e-05 0.00043445188251858022 -0.0026460556964954108 0.00079996840352011182 0.00017059580814043947 7.5314229502882875e-05 -0.00068412055097342344 -0.00067981508263042665 0.001031176902120971 0.00010366099822192658 -0.0011696476951195045 0.0012475888748302404 -0.00068180462900859287 -0.0016094361480178951 0.0013325858911843753 -0.0090502911452425734 0.0024444779434918407 -3.5369332875184041e-05 0.0031455931156092599 0.009356981197871813 0.00084906882242717294 -6.5315095442151777e-06 -0.00094088122083442558 0.0105678831918105
leaf_weight=7234 148255 24 12703 13640 13220 11049 5833 2099 1070 4759 4235 87687 30428 41046 19246 38821 34079 21269 35180 909 1672 42 1352 62473 62 41 20124 280737 680 31
leaf_count=7234 148255 24 12703 13640 13220 11049 5833 2099 1070 4759 4235 87687 30428 41046 19246 38821 34079 21269 35180 909 1672 42 1352 62473 62 41 20124 280737 680 31
internal_value=-8.22064e-12 0.000238235 3.46302e-05 0.000526396 0.00107722 -0.00025929 0.000852518 0.000113657 -0.000440395 -3.9247e-05 -0.000117493 -0.000341051 -0.000120326 2.38796e-05 0.000177829 -0.00029899 -0.00102151 0.00121109 -0.000498426 0.000552861 -0.000209408 0.00122729 0.00122192 4.6399e-05 0.000667007 3.69509e-05 0.000180116 -5.16422e-06 0.000582322 0.00561969
internal_weight=900000 127296 95607 35766 20454 59841 31689 10354 6903 772704 403797 156429 118115 247368 167501 79867 38314 21335 46229 13612 15312 21311 3451 368907 5532 363375 82597 280778 5439 93
internal_count=900000 127296 95607 35766 20454 59841 31689 10354 6903 772704 403797 156429 118115 247368 167501 79867 38314 21335 46229 13612 15312 21311 3451 368907 5532 363375 82597 280778 5439 93
is_linear=0
shrinkage=0.1


Tree=79
num_leaves=29
num_cat=0
split_feature=6 2 0 5 1 0 3 5 0 3 4 0 1 0 3 3 4 1 6 1 1 0 5 6 6 1 1 0
split_gain=0.770732 0.778896 0.729215 0.692484 1.97696 1.66687 1.30801 0.598822 0.570508 2.60447 0.403509 0.396005 0.370029 0.400177 0.335824 0.255839 0.188301 0.204333 0.169921 0.148929 0.13977 0.12773 0.123943 0.114318 0.107412 0.114242 0.0876556 0.0703327
threshold=14.500000000000002 1.6500000357627871 265.25000000000006 1.0000000180025095e-35 49.049999237060554 391.65000915527349 26.849999427795414 1.0000000180025095e-35 283.15000915527349 17.250000000000004 1.0000000180025095e-35 348.05000305175787 34.850000381469734 140.94999694824222 6.3500001430511483 27.650000572204593 1.0000000180025095e-35 4.5499999523162851 12.500000000000002 8.4499998092651385 52.049999237060554 918.64999389648449 1.0000000180025095e-35 6.5000000000000009 7.5000000000000009 51.049999237060554 6.3500001430511483 625.04998779296886
decision_type=2 2 2 2 2 2 2 2 2 2 2 2 2 2 2 2 2 2 2 2 2 2 2 2 2 2 2 2
left_child=2 11 14 8 6 -6 -5 24 9 -3 -10 12 15 -14 19 -2 17 -16 21 -1 26 -9 -22 -21 25 -4 -13 -26
right_child=1 3 7 4 5 -7 -8 18 10 -11 -12 20 13 -15 16 -17 -18 -19 -20 23 22 -23 -24 -25 27 -27 -28 -29
leaf_value=-0.019761867377729642 0.0014799305715866538 3.6332461570312038e-05 -0.00019583402511974177 0.00052803552324170338 -0.001659470214316369 -8.0014724268829979e-05 -0.00043704840736450519 -0.0069536002622360531 3.2645630028997353e-05 -0.00077133662752122754 -0.00025222637259172134 0.00069262807851517877 0.0018889047378895221 -0.0012743838176266448 -0.011423531933366482 -0.00063006232582147031 -0.012263395084689061 -0.0022779072813629625 -0.012711534895934165 -0.0042543834456327282 0.00017782823830044781 -0.0012619181870199417 0.0022547223255045654 -0.013404125488078636 0.0016045612889213552 0.0040733015085809001 -0.00076384235466798469 -0.0019092405401170253
leaf_weight=21 8021 132856 111 109628 7236 87223 16107 92 417605 57079 56443 504 594 1224 29 619 30 155 30 22 1198 69 378 36 87 144 2294 165
leaf_count=21 8021 132856 111 109628 7236 87223 16107 92 417605 57079 56443 504 594 1224 29 619 30 155 30 22 1198 69 378 36 87 144 2294 165
internal_value=-1.76577e-11 3.07244e-06 -0.00278725 -8.98314e-06 0.000144695 -0.000201008 0.000404406 -0.00102974 -5.99467e-05 -0.000206387 -1.27294e-06 0.000721739 0.00105591 -0.000240834 -0.00697408 0.00132876 -0.0049171 -0.00371934 -0.00580183 -0.0125461 -7.72397e-05 -0.00451431 0.000675967 -0.00993353 0.000768028 0.00221497 -0.00050149 -0.000696142
internal_weight=900000 899009 991 884177 220194 94459 125735 698 663983 189935 474048 14832 10458 1818 293 8640 214 184 191 79 4374 161 1576 58 507 255 2798 252
internal_count=900000 899009 991 884177 220194 94459 125735 698 663983 189935 474048 14832 10458 1818 293 8640 214 184 191 79 4374 161 1576 58 507 255 2798 252
is_linear=0
shrinkage=0.1


Tree=80
num_leaves=31
num_cat=0
split_feature=1 0 3 0 6 4 0 3 0 1 2 2 0 5 1 2 0 2 2 2 3 2 5 0 3 3 1 2 0 2
split_gain=0.750563 0.696276 0.587115 0.57179 0.442055 0.447711 0.406545 0.416984 0.405747 0.388294 0.373804 0.282509 0.274868 0.24414 0.239724 0.349427 0.245653 0.176618 0.174149 0.197372 0.16603 0.177355 0.241186 0.150316 0.128814 0.179522 0.142515 0.127402 0.258638 0.104131
threshold=0.94999998807907116 7.3500001430511483 1.2500000000000002 235.94999694824222 14.500000000000002 1.0000000180025095e-35 319.55000305175787 28.44999980926514 140.94999694824222 7.2500000000000009 0.84999999403953563 51.649999618530281 140.94999694824222 1.0000000180025095e-35 4.5499999523162851 11.84999990463257 1.0000000180025095e-35 5.5499999523162851 30.650000572204593 28.150000572204593 22.250000000000004 34.149999618530281 1.0000000180025095e-35 223.25000000000003 7.4500000476837167 12.550000190734865 16.849999427795414 2.9500000476837163 343.15000915527349 16.250000000000004
decision_type=2 2 2 2 2 2 2 2 2 2 2 2 2 2 2 2 2 2 2 2 2 2 2 2 2 2 2 2 2 2
left_child=6 10 3 9 8 -6 7 11 -4 -3 24 17 -13 -5 15 -12 -16 -1 19 -9 27 -22 -23 -20 26 -26 -2 28 -8 -29
right_child=1 2 4 13 5 -7 20 18 -10 -11 14 12 -14 -15 16 -17 -18 -19 23 -21 21 22 -24 -25 25 -27 -28 29 -30 -31
leaf_value=0.0028329880547129883 0.0045446888499315365 0.0019809550237608491 -0.0072484277725817954 -8.1089163908835651e-05 -6.0578170222848006e-05 0.00016561987788137243 0.011383295217873873 -0.0022325918957358227 -0.0013488404508700948 0.00062754454719242338 0.0057422429297103329 0.001527692925967575 -0.0012888507318271226 0.0006348245000058196 0.0085624245329736139 0.00125029649672243 0.00060003991748400741 0.0013763130178444602 -0.0012470058388172245 -0.010767216557481637 -0.00086854748212136963 0.001042408078569356 0.0057069938896888205 0.0035868747666730396 -0.0026478232919341991 0.0074363200286147639 0.015719237983226775 -0.0016068314614441502 0.000525220705427102 -0.00020279528690160956
leaf_weight=968 21 2753 137 18869 742280 99196 27 280 782 9217 232 647 746 6372 39 683 5969 5940 195 30 297 493 143 96 27 51 25 656 117 2712
leaf_count=968 21 2753 137 18869 742280 99196 27 280 782 9217 232 647 746 6372 39 683 5969 5940 195 30 297 493 143 96 27 51 25 656 117 2712
internal_value=6.02471e-12 -1.12044e-05 -1.91362e-05 0.000369586 -3.63072e-05 -3.39132e-05 0.000744316 0.00113431 -0.00222832 0.000938818 0.000978843 0.00131846 1.93357e-05 9.96407e-05 0.00088137 0.00238924 0.000651727 0.00158043 -0.00140927 -0.00305852 -3.67185e-05 0.00114903 0.00209121 0.000347676 0.00642081 0.00394566 0.0106178 -0.000351726 0.00256111 -0.000476266
internal_weight=900000 886653 879606 37211 842395 841476 13347 8902 919 11970 7047 8301 1393 25241 6923 915 6008 6908 601 310 4445 933 636 291 124 78 46 3512 144 3368
internal_count=900000 886653 879606 37211 842395 841476 13347 8902 919 11970 7047 8301 1393 25241 6923 915 6008 6908 601 310 4445 933 636 291 124 78 46 3512 144 3368
is_linear=0
shrinkage=0.1


Tree=81
num_leaves=26
num_cat=0
split_feature=0 3 1 2 6 4 2 0 3 1 5 1 0 1 3 2 2 1 5 1 3 3 2 1 2
split_gain=0.63167 0.583331 0.55986 0.475446 0.393661 0.323103 0.318954 0.298296 0.449177 0.244002 0.220395 0.300183 0.204467 0.314594 0.197609 0.178842 0.165513 0.16347 0.166373 0.206153 0.148694 0.140436 0.130898 0.122165 0.107564
threshold=3.6499999761581425 0.65000000596046459 0.65000000596046459 1.6500000357627871 14.500000000000002 1.0000000180025095e-35 8.4499998092651385 29.550000190734867 4.9500000476837167 3.3500000238418584 1.0000000180025095e-35 84.250000000000014 407.25000000000006 40.049999237060554 5.7500000000000009 3.7500000000000004 24.250000000000004 71.049999237060561 1.0000000180025095e-35 25.150000572204593 6.9500000476837167 28.849999427795414 7.1499998569488534 38.649999618530281 18.94999980926514
decision_type=2 2 2 2 2 2 2 2 2 2 2 2 2 2 2 2 2 2 2 2 2 2 2 2 2
left_child=9 6 7 5 -5 -4 12 8 -3 15 16 -12 23 -14 -9 -1 -8 18 19 -11 24 -22 -20 -2 -17
right_child=1 2 3 4 -6 -7 10 14 -10 17 11 -13 13 -15 -16 20 -18 -19 22 -21 21 -23 -24 -25 -26
leaf_value=0.010396627508162056 0.0024502342974365137 -0.0026452533118797431 0.00038143507239445795 -0.0020825012752554413 -3.2762687947309778e-05 0.0018984970882881655 0.00075694960561456125 0.0014836433178051342 0.0044021415549120521 3.7529561372287474e-05 0.0012656138009765551 -0.0016806492385436095 -0.0020632213865715682 0.0020741262991095378 0.00034513165372346559 0.0020406138187028327 -4.5666816670947718e-05 -0.0068803785798641354 0.0053989728904884904 0.0020594038665338503 0.00086691070504895231 0.0095873114373534931 0.0017974223328893865 0.00031252894954252887 0.0077679603964328596
leaf_weight=35 1599 113 12347 938 852716 1584 3512 2015 453 1631 3844 380 346 392 6263 53 9572 26 119 730 241 20 664 321 86
leaf_count=35 1599 113 12347 938 852716 1584 3512 2015 453 1631 3844 380 346 392 6263 53 9572 26 119 730 241 20 664 321 86
internal_value=-1.09193e-11 -5.31285e-06 -1.74886e-05 -2.55581e-05 -3.5015e-05 0.00055393 0.000529154 0.000774125 0.00299515 0.00132105 0.000372525 0.00100056 0.00154907 0.000134394 0.000622264 0.00354196 0.000169771 0.00101629 0.0010816 0.000662675 0.00294217 0.00153514 0.00234478 0.00209284 0.00558415
internal_weight=900000 896395 876429 867585 853654 13931 19966 8844 566 3605 17308 4224 2658 738 8278 435 13084 3170 3144 2361 400 261 783 1920 139
internal_count=900000 896395 876429 867585 853654 13931 19966 8844 566 3605 17308 4224 2658 738 8278 435 13084 3170 3144 2361 400 261 783 1920 139
is_linear=0
shrinkage=0.1


Tree=82
num_leaves=31
num_cat=0
split_feature=2 0 4 0 1 3 0 1 0 5 1 3 0 1 3 1 0 2 6 1 1 3 0 1 4 5 5 1 5 0
split_gain=0.582548 2.89668 1.40285 3.22551 2.50424 1.90648 1.77967 1.11577 1.03769 0.932254 1.31585 0.804034 1.79861 0.747892 0.627752 0.678949 0.538216 0.424863 0.36288 0.355071 0.353293 0.32526 0.324587 0.245185 0.253278 0.594827 0.457126 0.228535 0.659083 0.226368
threshold=47.649999618530281 231.65000152587893 1.0000000180025095e-35 412.15000915527349 47.549999237060554 21.44999980926514 191.15000152587893 25.550000190734867 98.549999237060561 1.0000000180025095e-35 48.049999237060554 13.750000000000002 252.44999694824222 27.150000572204593 2.4500000476837163 49.549999237060554 11.150000095367433 18.44999980926514 23.500000000000004 39.149999618530281 2.7500000000000004 2.8500000238418584 72.450000762939467 31.94999980926514 1.0000000180025095e-35 1.0000000180025095e-35 1.0000000180025095e-35 48.549999237060554 1.0000000180025095e-35 386.65000915527349
decision_type=2 2 2 2 2 2 2 2 2 2 2 2 2 2 2 2 2 2 2 2 2 2 2 2 2 2 2 2 2 2
left_child=2 14 8 4 5 -4 -6 21 9 10 -1 13 -13 -10 15 22 19 -9 -11 -16 -18 -5 -2 24 25 -3 -26 28 -25 -29
right_child=1 23 3 7 6 -7 -8 17 11 18 -12 12 -14 -15 16 -17 20 -19 -20 -21 -22 -23 -24 27 26 -27 -28 29 -30 -31
leaf_value=0.00027691263569972852 0.0019517345318314163 7.2264922429293875e-05 0.0018644664047984011 -8.299600307255724e-06 0.0018886938712762804 -0.00020821806370567781 -0.0034824535670590455 -0.0010713117869923731 0.00026568758240787569 -0.010801933849087128 -0.0019503175218314229 -0.00081805393737581988 4.945608880487509e-05 -0.00015421282963800387 0.0011439944736422463 -0.0052152405973998305 -7.1718534299066328e-05 0.00041815577465987653 0.0010208642422553822 -0.0040708028232600063 -0.0011601397835443289 -0.002454621263025444 -2.1355646333956557e-06 2.2473709885452433e-05 -0.00095278895476955951 -0.0005476465129091476 0.00053885527788017176 -0.00072820102424677564 0.00073268226879588227 1.1150969731661745e-05
leaf_weight=49758 1221 62051 22703 645 926 5516 1848 2845 90271 26 2802 39135 61390 80017 1622 212 3272 5859 17346 142 33674 3454 2800 51624 8445 20623 2715 4198 17495 305365
leaf_count=49758 1221 62051 22703 645 926 5516 1848 2845 90271 26 2802 39135 61390 80017 1622 212 3272 5859 17346 142 33674 3454 2800 51624 8445 20623 2715 4198 17495 305365
internal_value=3.82314e-12 -6.94895e-05 9.31474e-05 0.000625908 0.00117749 0.00145932 -0.00168949 -0.000709328 2.46715e-05 0.000368085 0.000158178 -6.4008e-05 -0.000288271 6.83797e-05 -0.000855838 0.000300368 -0.000982271 -6.86934e-05 0.00100317 0.000724209 -0.00106375 -0.00206968 0.000591168 1.97511e-06 -0.000142734 -8.23718e-05 -0.000589902 3.78328e-05 0.000202238 1.12458e-06
internal_weight=900000 515459 384541 43796 30993 28219 2774 12803 340745 69932 52560 270813 100525 170288 42943 4233 38710 8704 17372 1764 36946 4099 4021 472516 93834 82674 11160 378682 69119 309563
internal_count=900000 515459 384541 43796 30993 28219 2774 12803 340745 69932 52560 270813 100525 170288 42943 4233 38710 8704 17372 1764 36946 4099 4021 472516 93834 82674 11160 378682 69119 309563
is_linear=0
shrinkage=0.1


Tree=83
num_leaves=31
num_cat=0
split_feature=1 0 3 0 4 2 3 5 0 4 5 3 0 1 3 2 3 5 0 0 0 0 2 0 5 0 4 2 1 1
split_gain=0.535961 1.45997 1.31524 1.77918 1.97315 0.693976 0.675673 0.652846 0.708006 0.540191 0.510284 0.72456 0.504641 3.18235 2.44806 1.87256 1.09087 1.08942 0.715793 0.680474 0.480494 0.420747 0.311761 0.181467 0.458137 2.76282 1.18625 0.210472 0.464946 0.163616
threshold=9.9499998092651385 179.55000305175784 5.9500000476837167 402.34999084472662 1.0000000180025095e-35 47.649999618530281 7.6499998569488534 1.0000000180025095e-35 292.05000305175787 1.0000000180025095e-35 1.0000000180025095e-35 29.44999980926514 215.55000305175784 42.549999237060554 19.44999980926514 49.850000381469734 18.250000000000004 1.0000000180025095e-35 61.45000076293946 125.54999923706056 598.64999389648449 91.049999237060561 1.0000000180025095e-35 705.35000610351574 1.0000000180025095e-35 493.15000915527349 1.0000000180025095e-35 25.650000572204593 28.750000000000004 21.349999427795414
decision_type=2 2 2 2 2 2 2 2 2 2 2 2 2 2 2 2 2 2 2 2 2 2 2 2 2 2 2 2 2 2
left_child=1 5 3 4 -3 10 21 8 -4 -8 11 -1 13 14 15 -2 17 -15 -16 -18 -9 -7 -12 24 26 -26 -14 28 -25 -29
right_child=12 2 7 -5 -6 6 9 20 -10 -11 22 -13 23 16 18 -17 19 -19 -20 -21 -22 -23 -24 27 25 -27 -28 29 -30 -31
leaf_value=0.0006457701332305924 0.00045422760643124276 0.00083177975462841124 -0.0010835558687915592 -0.00052072962847266545 0.0045456455407486222 0.002036937098122422 -0.0010517381184100584 1.9542735732348455e-05 -0.00024142161763857388 0.0015780595592708065 0.013779615890234709 -0.0014444773483362294 0.00010837911100942302 -0.0015655352599696238 -6.0524061577243398e-05 -0.00078115567702965148 -0.0045354327617296219 0.00034099156378962839 -0.0011219148219238772 -0.0015856460692299892 0.0017591880485772213 -0.00014972263187935301 0.0012836901975459768 -0.001848612074731083 0.00022939081806459764 -0.0011174371563233288 -0.0006726314634330204 0.00045739591748800916 0.00067387037680220166 2.6172780548209938e-05
leaf_weight=33401 73934 12121 15388 9303 1622 1805 6233 12533 28424 893 20 1745 168491 11636 9157 14711 1628 4037 20756 1505 1818 1717 11653 789 39454 24808 21985 9026 9891 349516
leaf_count=33401 73934 12121 15388 9303 1622 1805 6233 12533 28424 893 20 1745 168491 11636 9157 14711 1628 4037 20756 1505 1818 1717 11653 789 39454 24808 21985 9026 9891 349516
internal_value=7.44904e-12 0.000180813 -9.21339e-05 0.000547197 0.0012701 0.000566525 -0.00016216 -0.000345457 -0.000537203 -0.000722183 0.00073225 0.000541989 -3.29353e-05 -0.000206455 -1.47556e-05 0.000249211 -0.00141498 -0.00107446 -0.000797001 -0.00311844 0.000239923 0.000970925 0.0013051 5.26486e-06 -5.96609e-05 -0.000290545 1.82338e-05 5.00592e-05 0.000487518 3.70285e-05
internal_weight=900000 138676 81209 23046 13743 57467 10648 58163 43812 7126 46819 35146 761324 137364 118558 88645 18806 15673 29913 3133 14351 3522 11673 623960 254738 64262 190476 369222 10680 358542
internal_count=900000 138676 81209 23046 13743 57467 10648 58163 43812 7126 46819 35146 761324 137364 118558 88645 18806 15673 29913 3133 14351 3522 11673 623960 254738 64262 190476 369222 10680 358542
is_linear=0
shrinkage=0.1


Tree=84
num_leaves=31
num_cat=0
split_feature=5 0 2 1 0 0 3 0 1 1 3 3 0 3 3 1 0 1 4 0 2 1 3 4 4 0 0 2 4 2
split_gain=0.506098 1.49413 1.88064 1.40108 1.2297 3.06335 2.30857 1.07037 0.892054 0.699483 1.41491 0.658936 0.588012 0.585893 0.533913 0.512764 0.335206 2.24221 3.02378 2.35637 2.03875 0.55737 0.502864 1.58714 0.489534 7.01357 2.3668 0.287649 0.182048 0.864538
threshold=1.0000000180025095e-35 314.94999694824224 49.250000000000007 42.049999237060554 611.54998779296886 493.15000915527349 23.650000572204593 540.95001220703136 50.049999237060554 42.549999237060554 18.849999427795414 21.250000000000004 278.75000000000006 26.44999980926514 32.250000000000007 36.850000381469734 310.25000000000006 25.550000190734867 1.0000000180025095e-35 94.750000000000014 42.250000000000007 15.949999809265138 24.050000190734867 1.0000000180025095e-35 1.0000000180025095e-35 239.94999694824222 231.65000152587893 37.649999618530281 1.0000000180025095e-35 18.44999980926514
decision_type=2 2 2 2 2 2 2 2 2 2 2 2 2 2 2 2 2 2 2 2 2 2 2 2 2 2 2 2 2 2
left_child=16 2 9 13 5 6 -3 -7 15 12 -11 -5 -2 -4 -10 -6 17 18 20 -20 -1 22 27 -24 26 -26 -19 -18 -23 -30
right_child=1 4 3 11 8 7 -8 -9 14 10 -12 -13 -14 -15 -16 -17 21 24 19 -21 -22 28 23 -25 25 -27 -28 -29 29 -31
leaf_value=0.00014336179897088026 0.00077774434215769044 0.00047905353456123752 8.6659558287043113e-05 -0.0023925112413130663 0.00025837755218593674 -0.0024675227600808795 -0.0019306417298262922 -0.00086163878364199122 0.00020047177236511392 0.00030523983527053585 -0.0043838534811950205 -0.0078260041504819994 0.0019815950589313377 -0.0020378181771357074 -0.00033089781927273334 0.0011436590935592348 -0.00067888572913526882 -0.0009202409411086048 -0.00028880283288005117 0.0021744022193610451 -0.00075169325124853457 7.1027342883095394e-05 0.00083105691943884921 -0.0032300248258990728 0.00039182117014977929 -0.006844514772336642 0.00052285145038856397 -0.00019164913420918433 -0.0016092362581220415 -1.442014183344828e-05
leaf_weight=95604 46853 26776 10879 1387 14906 7231 4669 9743 44647 5663 726 266 4442 1474 32802 11661 22321 42916 5952 11176 34680 356099 8575 1084 5365 1785 15459 26504 3679 44676
leaf_count=95604 46853 26776 10879 1387 14906 7231 4669 9743 44647 5663 726 266 4442 1474 32802 11661 22321 42916 5952 11176 34680 356099 8575 1084 5365 1785 15459 26504 3679 44676
internal_value=3.62992e-12 0.000130222 0.000506719 -0.000532708 -4.68442e-05 -0.000463137 0.000121258 -0.00154575 0.000146938 0.000759098 -0.000227595 -0.00326687 0.000881994 -0.00016684 -2.45794e-05 0.000646952 -4.31825e-05 -0.000147021 6.93255e-05 0.00131844 -9.48909e-05 4.57997e-06 -0.000283974 0.000375294 -0.000633737 -0.00141473 -0.000538078 -0.000414396 4.63048e-05 -0.000135759
internal_weight=900000 224125 71690 14006 152435 48419 31445 16974 104016 57684 6389 1653 51295 12353 77449 26567 675875 212937 147412 17128 130284 462938 58484 9659 65525 7150 58375 48825 404454 48355
internal_count=900000 224125 71690 14006 152435 48419 31445 16974 104016 57684 6389 1653 51295 12353 77449 26567 675875 212937 147412 17128 130284 462938 58484 9659 65525 7150 58375 48825 404454 48355
is_linear=0
shrinkage=0.1


Tree=85
num_leaves=31
num_cat=0
split_feature=1 4 0 3 0 0 0 2 1 0 3 0 0 2 2 1 5 0 0 3 0 3 0 3 0 0 6 5 0 1
split_gain=0.46394 0.414813 1.69077 1.46699 3.07986 1.74061 1.13213 1.16532 0.67083 0.428852 0.538623 1.34243 0.71072 0.316663 0.261442 0.258625 0.252966 0.199344 0.428151 0.379596 0.25245 0.286554 0.199232 0.236559 0.214219 0.185991 0.125331 0.108737 0.104007 0.0888931
threshold=1.5500000119209292 1.0000000180025095e-35 183.44999694824222 10.750000000000002 438.05000305175787 427.55000305175787 117.75000000000001 47.649999618530281 19.849999427795414 638.64999389648449 29.050000190734867 164.05000305175784 91.049999237060561 25.650000572204593 3.7500000000000004 21.349999427795414 1.0000000180025095e-35 121.64999771118165 106.54999923706056 13.949999809265138 301.25000000000006 16.250000000000004 310.25000000000006 10.34999990463257 179.55000305175784 3.6499999761581425 49.500000000000007 1.0000000180025095e-35 310.25000000000006 0.65000000596046459
decision_type=2 2 2 2 2 2 2 2 2 2 2 2 2 2 2 2 2 2 2 2 2 2 2 2 2 2 2 2 2 2
left_child=14 9 6 4 -4 -5 8 -8 -3 10 12 -12 -2 16 17 -15 -11 18 19 -1 21 -19 23 25 -25 -16 -24 -28 -22 -20
right_child=1 2 3 5 -6 -7 7 -9 -10 13 11 -13 -14 15 22 -17 -18 20 29 -21 28 -23 26 24 -26 -27 27 -29 -30 -31
leaf_value=-0.0010206762526045715 0.00021072877280161066 -0.00011603405312062663 0.0019060443000537674 -0.0014400622119813034 -0.0002782463244229681 -3.4327452779157136e-05 0.0027958277938974056 -0.0005521780903709469 0.0013807947385461234 0.00026586270124265152 -0.0017113572479072886 -8.6229034154199614e-05 -0.00013946465115566303 0.00041729653196003347 0.0057847105852532679 5.5591988948980892e-06 0.0012419230817818821 0.0053744952501459707 -0.012646781944710276 0.0046973323325069736 -0.0062414840163130848 0.00051067503898625253 0.007008332964032889 0.00060545117865436638 -0.00055016562039383475 0.00098938658681334865 -0.00030841261924737851 0.00058887570376060067 0.00099843523794219957 -0.0047300694686536852
leaf_weight=301 70614 7545 10756 10855 16144 46718 5097 1306 4964 10933 7165 17492 323248 16005 82 325837 3507 404 23 189 21 173 25 4586 2467 5937 5409 1800 360 37
leaf_count=301 70614 7545 10756 10855 16144 46718 5097 1306 4964 10933 7165 17492 323248 16005 82 325837 3507 404 23 189 21 173 25 4586 2467 5937 5409 1800 360 37
internal_value=8.98849e-12 -1.13158e-05 0.000176832 -1.45157e-05 0.000595145 -0.000299369 0.00103151 0.00211295 0.000477959 -3.64211e-05 -0.000105064 -0.00055847 -7.66798e-05 4.42131e-05 0.000455549 2.48367e-05 0.000502916 0.00172592 0.000208516 0.00118484 0.00259709 0.00391619 0.000361206 0.000594222 0.000201239 0.00105472 -5.98589e-05 -8.43706e-05 0.000599385 -0.00776481
internal_weight=900000 878186 103385 84473 26900 57573 18912 6403 12509 774801 418519 24657 393862 356282 21814 341842 14440 1508 550 490 958 577 20306 13072 7053 6019 7234 7209 381 60
internal_count=900000 878186 103385 84473 26900 57573 18912 6403 12509 774801 418519 24657 393862 356282 21814 341842 14440 1508 550 490 958 577 20306 13072 7053 6019 7234 7209 381 60
is_linear=0
shrinkage=0.1


Tree=86
num_leaves=31
num_cat=0
split_feature=2 5 1 0 0 4 1 3 0 3 0 3 0 4 2 1 1 0 5 3 1 0 3 5 0 5 3 2 3 0
split_gain=0.43533 0.780911 0.500886 0.596416 0.505874 0.503601 0.266562 0.264439 0.273227 0.744667 0.210182 0.209832 0.325513 0.266192 0.201451 0.295682 0.180136 0.251694 0.198636 0.167711 0.163817 0.2697 0.148523 0.133509 0.11717 0.285851 0.219996 0.173059 0.321314 0.139607
threshold=7.5499999523162851 1.0000000180025095e-35 10.550000190734865 310.25000000000006 133.25000000000003 1.0000000180025095e-35 0.65000000596046459 0.65000000596046459 705.35000610351574 28.44999980926514 235.94999694824222 23.849999427795414 256.94999694824224 1.0000000180025095e-35 1.0000000180025095e-35 13.550000190734865 0.94999998807907116 319.55000305175787 1.0000000180025095e-35 37.45000076293946 138.44999694824222 1067.4500122070315 2.0499999523162846 1.0000000180025095e-35 167.84999847412112 1.0000000180025095e-35 24.050000190734867 16.650000572204593 1.4499999880790713 22.150000572204593
decision_type=2 2 2 2 2 2 2 2 2 2 2 2 2 2 2 2 2 2 2 2 2 2 2 2 2 2 2 2 2 2
left_child=1 2 3 4 -1 -5 24 16 9 -9 14 13 -13 -4 15 -3 17 -8 -18 -16 22 -22 -12 -10 27 -26 -27 28 -2 -29
right_child=6 10 11 5 -6 -7 7 8 23 -11 20 12 -14 -15 19 -17 18 -19 -20 -21 21 -23 -24 -25 25 26 -28 29 -30 -31
leaf_value=0.00025252912739938226 0.0073686946459038524 0.014974694541440563 -0.00017125318690551345 -0.00096687343715061349 0.0016066775906267497 0.0027652362311012895 0.0071364318507469507 -5.068137528471846e-05 -4.7329808273408285e-06 -0.00055343008751237521 0.0015944614046773933 -0.0016724471188430609 0.00017983943701477972 0.00073799432485774493 0.0011480869447771276 0.0012763631669804455 0.00013946931349593405 -0.0020577840889907549 0.00092837046838575247 -0.0080196408886695283 0.0055954525598370638 -0.0069327845552470541 0.00024821559516494395 0.00013493273427434807 -0.00018382974644441571 0.0010056858772596702 0.0047161817028934724 0.0034261920258066938 -0.0010548754960967976 0.0011385432225202387
leaf_weight=5706 49 26 28743 3303 5341 406 88 406828 277139 31762 927 2139 1705 3626 8750 40 13126 45 4217 20 122 20 7066 90890 3691 1005 190 305 597 2128
leaf_count=5706 49 26 28743 3303 5341 406 88 406828 277139 31762 927 2139 1705 3626 8750 40 13126 45 4217 20 122 20 7066 90890 3691 1005 190 305 597 2128
internal_value=9.17476e-12 0.00024339 4.77584e-05 0.000538852 0.000907232 -0.000558344 -1.98734e-05 -2.5438e-05 -3.37759e-05 -8.70896e-05 0.00083093 -0.000152351 -0.000850868 -6.93986e-05 0.0011686 0.00667268 0.000359408 0.00402561 0.000331293 0.00112718 0.000464161 0.00383091 0.000404348 2.97595e-05 0.000555855 0.000251386 0.00159564 0.00103901 -0.000415936 0.00142532
internal_weight=900000 67940 50969 14756 11047 3709 832060 824095 806619 438590 16971 36213 3844 32369 8836 66 17476 133 17343 8770 8135 142 7993 368029 7965 4886 1195 3079 646 2433
internal_count=900000 67940 50969 14756 11047 3709 832060 824095 806619 438590 16971 36213 3844 32369 8836 66 17476 133 17343 8770 8135 142 7993 368029 7965 4886 1195 3079 646 2433
is_linear=0
shrinkage=0.1


Tree=87
num_leaves=27
num_cat=0
split_feature=6 0 5 0 2 3 4 0 0 3 0 4 1 1 3 0 1 0 6 2 1 0 2 6 1 4
split_gain=0.432171 0.519102 0.485921 0.432407 0.373739 0.372174 0.303112 1.29797 0.319243 0.300713 0.225226 0.16163 0.172514 0.15556 0.380103 0.178427 0.153472 0.147027 0.194375 0.146601 0.131761 0.131563 0.0960932 0.0941352 0.167947 0.0701715
threshold=14.500000000000002 265.25000000000006 1.0000000180025095e-35 3.6499999761581425 2.0499999523162846 6.1499998569488534 1.0000000180025095e-35 183.44999694824222 638.64999389648449 6.3500001430511483 113.95000076293947 1.0000000180025095e-35 4.5499999523162851 4.5499999523162851 29.250000000000004 1.0000000180025095e-35 20.250000000000004 1647.350036621094 9.5000000000000018 11.84999990463257 8.4499998092651385 432.75000000000006 22.250000000000004 2.5000000000000004 62.95000076293946 1.0000000180025095e-35
decision_type=2 2 2 2 2 2 2 2 2 2 2 2 2 2 2 2 2 2 2 2 2 2 2 2 2 2
left_child=1 9 23 13 5 21 8 -8 -6 20 -7 12 -11 14 19 -15 -17 18 -4 -2 -1 -5 -22 24 -3 -25
right_child=3 2 17 4 6 10 7 -9 -10 11 -12 -13 -14 15 -16 16 -18 -19 -20 -21 22 -23 -24 25 -26 -27
leaf_value=-0.017679487328444207 0.0048497261723886471 4.4619718901230959e-05 -0.0032722323067892012 0.0013298471615550119 -9.2192240128086849e-05 0.00084359768157239398 0.0009021809612783882 -1.7402802728152962e-05 3.6680511954426532e-05 -0.0096424535687627475 -0.00012940466631015647 -0.010479343654587865 -0.0012390192047453845 0.0075279742234553668 0.014917466909779856 6.9591330353492573e-05 0.0015110220351074975 0.00208631084802059 -0.010316101962780523 0.0011174656181415286 -0.012796429465352387 0.00018395194320760044 -0.0046362887917747418 0.00089755012929992591 0.0097641868545906632 -0.0032326521058364411
leaf_weight=21 141 40 101 4761 417784 3237 18751 84603 356027 29 8975 30 155 39 24 1637 1346 26 64 415 27 1269 31 389 32 46
leaf_count=21 141 40 101 4761 417784 3237 18751 84603 356027 29 8975 30 155 39 24 1637 1346 26 64 415 27 1269 31 389 32 46
internal_value=3.29488e-12 -0.00208714 -0.000604295 2.30071e-06 -2.098e-06 0.000445903 -1.14149e-05 0.000149433 -3.28985e-05 -0.00561965 0.000128506 -0.00367317 -0.00256347 0.00109576 0.00259583 0.000807858 0.000719999 -0.00490305 -0.0060044 0.00206396 -0.0108924 0.0010887 -0.00843497 0.00101516 0.00436443 0.000460793
internal_weight=900000 991 698 899009 895407 18242 877165 103354 773811 293 12212 214 184 3602 580 3022 2983 191 165 556 79 6030 58 507 72 435
internal_count=900000 991 698 899009 895407 18242 877165 103354 773811 293 12212 214 184 3602 580 3022 2983 191 165 556 79 6030 58 507 72 435
is_linear=0
shrinkage=0.1


Tree=88
num_leaves=29
num_cat=0
split_feature=3 0 6 1 3 3 6 1 1 3 0 1 0 2 1 1 0 2 0 1 6 1 2 0 0 0 0 3
split_gain=0.365693 0.351365 0.403726 0.276991 0.260042 0.257046 0.252829 0.282702 0.253289 0.273441 0.232508 0.242143 0.307153 0.228684 0.227974 0.214306 0.34738 0.52421 0.328349 0.393208 0.20016 0.195587 0.187327 0.174276 0.166849 0.103218 0.0927467 0.0896351
threshold=0.65000000596046459 22.150000572204593 32.500000000000007 8.4499998092651385 35.549999237060554 0.84999999403953563 14.500000000000002 46.549999237060554 2.1499999761581425 2.2500000000000004 156.25000000000003 19.250000000000004 144.65000152587893 5.1499998569488534 19.550000190734867 20.94999980926514 314.94999694824224 32.149999618530281 278.75000000000006 88.450000762939467 8.5000000000000018 18.44999980926514 1.6500000357627871 319.55000305175787 61.45000076293946 705.35000610351574 148.65000152587893 14.750000000000002
decision_type=2 2 2 2 2 2 2 2 2 2 2 2 2 2 2 2 2 2 2 2 2 2 2 2 2 2 2 2
left_child=10 2 27 5 -5 -4 7 13 9 -8 11 12 21 -3 -13 16 17 -12 19 -17 -9 -1 -10 -18 -16 -20 -14 -2
right_child=1 6 3 4 -6 -7 8 20 22 -11 15 14 26 -15 24 18 23 -19 25 -21 -22 -23 -24 -25 -26 -27 -28 -29
leaf_value=0.00037019389189283232 -0.012251485784405046 -0.010322559359649729 0.0072834438818517814 0.00021994674521634962 -0.0044158012312302585 0.00091278671175563659 0.0013138178681491863 0.0019828305063831252 0.00035228286623888768 0.00018435824029889222 0.0028594156928314681 0.010336542016011663 0.0079263424567346061 -0.0026189554469829186 0.00057179436324093465 -0.0012889345293236917 -0.0052822281360082948 -0.00016671717826689044 -7.6720731423409263e-05 -0.015082403432045664 -0.0024101294324103462 -0.0043733666684582003 -3.361294766573186e-05 0.00015777027891320558 0.0025976790857877557 0.0006441534410872447 0.0029566769940031108 -0.0039231909322552383
leaf_weight=2542 28 42 64 14836 122 6094 2342 259 12776 25289 1429 32 56 467 661 1303 60 955 5494 21 173 90 817377 3183 1056 3111 114 24
leaf_count=2542 28 42 64 14836 122 6094 2342 259 12776 25289 1429 32 56 467 661 1303 60 955 5494 21 173 90 817377 3183 1056 3111 114 24
internal_value=6.30493e-12 -9.63597e-06 0.000392851 0.000414523 0.000182137 0.000978997 -1.95575e-05 -0.00165781 -1.77603e-05 0.000280091 0.000421675 0.00105037 0.000474078 -0.00325462 0.00197363 0.000237747 0.000730787 0.00164719 -4.16713e-05 -0.00150771 0.000223613 0.00020799 -2.7674e-05 5.71228e-05 0.00181777 0.0001839 0.00459374 -0.00840766
internal_weight=900000 879893 21168 21116 14958 6158 858725 941 857784 27631 20107 4551 2802 509 1749 15556 5627 2384 9929 1324 432 2632 830153 3243 1717 8605 170 52
internal_count=900000 879893 21168 21116 14958 6158 858725 941 857784 27631 20107 4551 2802 509 1749 15556 5627 2384 9929 1324 432 2632 830153 3243 1717 8605 170 52
is_linear=0
shrinkage=0.1


Tree=89
num_leaves=31
num_cat=0
split_feature=5 1 0 0 0 0 3 4 0 1 2 3 0 1 3 0 0 1 3 2 0 4 0 0 4 3 0 0 3 1
split_gain=0.332159 1.17992 1.22452 1.4997 1.2054 1.35868 1.01878 0.856755 0.95605 1.61085 1.34454 0.668633 0.533391 0.359641 0.379899 0.35324 0.347281 2.33084 2.21513 2.03703 0.728388 1.22446 0.682744 0.653697 0.281544 0.633687 3.34579 1.93416 0.57579 0.74186
threshold=1.0000000180025095e-35 49.049999237060554 371.75000000000006 274.34999084472662 476.44999694824224 585.35000610351574 15.84999990463257 1.0000000180025095e-35 333.75000000000006 36.049999237060554 49.250000000000007 11.949999809265138 432.75000000000006 30.750000000000004 17.250000000000004 65.149997711181655 248.34999847412112 48.049999237060554 22.050000190734867 44.45000076293946 219.34999847412112 1.0000000180025095e-35 61.45000076293946 29.550000190734867 1.0000000180025095e-35 10.750000000000002 438.05000305175787 438.05000305175787 8.0500001907348651 28.349999427795414
decision_type=2 2 2 2 2 2 2 2 2 2 2 2 2 2 2 2 2 2 2 2 2 2 2 2 2 2 2 2 2 2
left_child=16 7 3 11 12 -6 -5 8 10 -10 -2 -3 -4 14 -9 -15 17 18 19 -1 23 -22 -20 -19 28 26 -26 -27 29 -18
right_child=1 2 4 6 5 -7 -8 13 9 -11 -12 -13 -14 15 -16 -17 24 20 22 -21 21 -23 -24 -25 25 27 -28 -29 -30 -31
leaf_value=0.00032693667315721308 0.00070943478053867102 0.00074501415987420763 0.00061054358636951052 -0.0023161519860096266 -0.0017584875480035627 -4.0085989492999208e-05 -0.0071603536275396049 0.00029449959429003096 -0.00046028849931649841 0.00075899791413741146 -0.00046182643685370922 -0.0017959559714943681 0.0030127767541184274 0.0055653882957468594 0.0015612892055045569 0.0015751891934471134 -0.00049916801599068602 0.00051783825858804113 -5.4661428209067472e-05 -0.00059941456910423438 0.0011121880454714533 -0.0072336995598209115 -0.0011298062054966595 -0.0021760901826699424 0.0022239605575040487 -0.0020525368280087056 -0.00065406697623335416 -0.00012763280870893971 9.8370261775175167e-05 4.6799102914882498e-05
leaf_weight=103194 49297 2514 2043 2020 4883 79721 553 7259 37138 15299 12233 1761 1688 235 3513 3968 41402 1007 8104 30830 1705 196 21781 8537 6020 6134 12277 35034 337258 62396
leaf_count=103194 49297 2514 2043 2020 4883 79721 553 7259 37138 15299 12233 1761 1688 235 3513 3968 41402 1007 8104 30830 1705 196 21781 8537 6020 6134 12277 35034 337258 62396
internal_value=1.85252e-11 0.000105497 -0.000161557 -0.00144977 -6.16911e-05 -0.000139265 -0.00335729 0.000302632 0.000209194 -0.00010455 0.000476572 -0.000301687 0.00169738 0.00101374 0.000707629 0.00179829 -3.49835e-05 -0.000156088 -5.97486e-05 0.000113845 -0.00153581 0.000251697 -0.000838256 -0.00189185 7.44463e-06 -0.000196813 0.000292849 -0.000414442 3.49835e-05 -0.000170971
internal_weight=900000 224125 95183 6848 88335 84604 2573 128942 113967 52437 61530 4275 3731 14975 10772 4203 675875 175354 163909 134024 11445 1901 29885 9544 500521 59465 18297 41168 441056 103798
internal_count=900000 224125 95183 6848 88335 84604 2573 128942 113967 52437 61530 4275 3731 14975 10772 4203 675875 175354 163909 134024 11445 1901 29885 9544 500521 59465 18297 41168 441056 103798
is_linear=0
shrinkage=0.1


Tree=90
num_leaves=31
num_cat=0
split_feature=3 1 0 2 0 1 2 1 0 3 3 0 0 3 4 0 0 2 4 0 2 1 1 4 1 3 2 3 5 3
split_gain=0.32102 0.638046 0.455539 0.402451 0.334079 0.321932 0.29033 0.252029 0.225072 0.327139 0.240975 0.184497 0.202089 0.756253 0.18255 0.262186 0.174865 0.166061 0.152427 1.19185 0.264386 0.145876 0.148109 0.143241 0.13717 0.129807 0.251972 0.246045 0.114723 0.113932
threshold=2.6499999761581425 7.2500000000000009 438.05000305175787 17.550000190734867 287.65000915527349 8.4499998092651385 4.6499998569488534 0.65000000596046459 29.550000190734867 31.050000190734867 4.5499999523162851 3.6499999761581425 605.04998779296886 29.050000190734867 1.0000000180025095e-35 362.34999084472662 631.85000610351574 160.25000000000003 1.0000000180025095e-35 287.65000915527349 25.150000572204593 60.049999237060554 55.149999618530281 1.0000000180025095e-35 64.149997711181655 5.5499999523162851 0.84999999403953563 4.0499999523162851 1.0000000180025095e-35 11.750000000000002
decision_type=2 2 2 2 2 2 2 2 2 2 2 2 2 2 2 2 2 2 2 2 2 2 2 2 2 2 2 2 2 2
left_child=1 2 18 4 5 -3 28 8 9 10 -2 21 13 -13 17 -16 -8 -5 20 -20 -1 22 -9 -6 -23 27 -27 -10 -4 -14
right_child=7 3 6 14 23 -7 16 11 25 -11 -12 12 29 -15 15 -17 -18 -19 19 -21 -22 24 -24 -25 -26 26 -28 -29 -30 -31
leaf_value=0.0015192972895206576 -0.0042989216759715737 -0.0016693088090949616 0.0021685058594977653 -0.0001321067568050185 -0.00013180682746154976 0.0010311243090731534 -0.0011449079720218332 0.00077543759821133498 -0.00011876928301150919 0.014698450183052393 0.0026762063972875557 -4.0513380310327992e-05 -8.9329738596085468e-05 -0.00058759237141286103 0.0013097395107087182 -6.7936723891636936e-05 0.0006979233511317486 -0.0025288428915216498 0.00045620686129469129 0.0077980904020478192 0.00045407524818841624 -0.010865974619518966 0.0074133591096409981 0.0011618712706605724 -0.00080393112009568592 0.0054413761488791394 0.00014099849310165806 0.0028645128514732019 0.0082602446498132726 4.8108078341609446e-05
leaf_weight=4613 55 465 110 43937 7332 8723 1765 2959 546 21 498 377962 73845 27078 2197 3721 727 291 952 288 4708 20 34 969 42 91 6225 560 43 329223
leaf_count=4613 55 465 110 43937 7332 8723 1765 2959 546 21 498 377962 73845 27078 2197 3721 727 291 952 288 4708 20 34 969 42 91 6225 560 43 329223
internal_value=-1.88523e-11 0.000190114 0.000825899 6.5974e-05 0.000479028 0.000894457 -0.000347692 -1.87619e-05 0.000539912 0.0024477 0.00198248 -2.4269e-05 -2.72013e-05 -7.70871e-05 -7.80833e-05 0.000443512 -0.000607292 -0.000147876 0.00111982 0.00216142 0.000981258 0.000751388 0.000850843 1.9208e-05 -0.00404975 0.000392369 0.000217366 0.00139175 0.00388056 2.29285e-05
internal_weight=900000 80841 13206 67635 17489 9188 2645 819159 7996 574 553 811163 808108 405040 50146 5918 2492 44228 10561 1240 9321 3055 2993 8301 62 7422 6316 1106 153 403068
internal_count=900000 80841 13206 67635 17489 9188 2645 819159 7996 574 553 811163 808108 405040 50146 5918 2492 44228 10561 1240 9321 3055 2993 8301 62 7422 6316 1106 153 403068
is_linear=0
shrinkage=0.1


Tree=91
num_leaves=30
num_cat=0
split_feature=6 0 5 1 0 3 0 5 3 2 0 1 3 3 3 3 2 0 4 1 2 1 0 1 0 3 2 3 1
split_gain=0.286798 0.376503 0.387327 0.303742 0.821552 0.898363 1.13935 0.463789 0.378939 0.537724 0.375285 1.9429 1.54255 0.65861 0.369164 0.247315 0.128273 0.187687 0.127742 0.139458 0.125931 0.365076 0.233273 0.108149 0.0936775 0.0901142 0.0723243 0.121895 0.0764274
threshold=14.500000000000002 265.25000000000006 1.0000000180025095e-35 9.9499998092651385 179.55000305175784 5.9500000476837167 402.34999084472662 1.0000000180025095e-35 28.650000572204593 38.149999618530281 215.55000305175784 44.549999237060554 19.44999980926514 16.050000190734867 16.44999980926514 6.3500001430511483 83.149997711181655 438.05000305175787 1.0000000180025095e-35 4.5499999523162851 19.349999427795414 36.850000381469734 487.34999084472662 8.4499998092651385 91.049999237060561 25.250000000000004 23.750000000000004 7.8500001430511483 47.049999237060554
decision_type=2 2 2 2 2 2 2 2 2 2 2 2 2 2 2 2 2 2 2 2 2 2 2 2 2 2 2 2 2
left_child=1 15 26 4 8 6 -6 -7 14 -10 11 12 -5 -13 -2 23 17 -4 19 -17 21 -12 -22 -1 -25 -18 27 -3 -28
right_child=3 2 16 10 5 7 -8 -9 9 -11 20 13 -14 -15 -16 18 25 -19 -20 -21 22 -23 -24 24 -26 -27 28 -29 -30
leaf_value=-0.015639372169971466 0.00032185136467049162 -0.0021042683303518143 -0.0011218681655009277 0.0001724322272338138 0.0010407613530787885 -0.00043795769133609075 -0.00039312716474126653 0.00021736195365556498 0.00017867438677665688 -0.002666740877733954 -0.00033104114268191632 -0.00084990205035022641 -0.0006508606621696086 -0.0023597026949913839 0.00089426741972462335 -0.0083216533289644217 0.0017165086481992792 -0.010820581716647864 -0.0089942116911212611 -0.00076611315200646082 0.00015984674517477264 0.0001230344108629333 -5.4473015955230787e-06 -0.012221692348627942 -0.0040062000020407145 -0.0042703757993876939 -0.0012797837142583008 0.0066921311188489199 0.0014978220824119503
leaf_weight=21 38079 23 32 90521 13727 43764 9293 14338 2395 919 37273 12532 30401 3755 16001 29 41 53 30 155 105552 33729 446730 23 35 65 153 50 281
leaf_count=21 38079 23 32 90521 13727 43764 9293 14338 2395 919 37273 12532 30401 3755 16001 29 41 53 30 155 105552 33729 446730 23 35 65 153 50 281
internal_value=2.44695e-11 -0.00170025 -0.000437391 1.87425e-06 0.000138071 -6.67765e-05 0.000461911 -0.000276243 0.000427608 -0.000610383 -2.29327e-05 -0.000172654 -3.45518e-05 -0.00119799 0.000491216 -0.00470868 -0.00427533 -0.0071693 -0.00294347 -0.00195693 1.00269e-05 -0.000115336 2.61437e-05 -0.00949041 -0.00726407 -0.00195469 0.00100846 0.00392066 0.00051862
internal_weight=900000 991 698 899009 138516 81122 23020 58102 57394 3314 760493 137209 120922 16287 54080 293 191 85 214 184 623284 71002 552282 79 58 106 507 73 434
internal_count=900000 991 698 899009 138516 81122 23020 58102 57394 3314 760493 137209 120922 16287 54080 293 191 85 214 184 623284 71002 552282 79 58 106 507 73 434
is_linear=0
shrinkage=0.1


Tree=92
num_leaves=31
num_cat=0
split_feature=4 0 3 0 1 1 0 0 1 3 1 2 3 1 3 0 1 0 1 1 2 2 0 3 3 2 1 0 1 2
split_gain=0.263595 0.974972 1.17494 2.16782 4.29214 1.36938 1.10048 1.0731 2.50635 0.830987 1.11207 0.756366 0.673021 0.618068 0.400437 0.28765 0.2423 0.29736 1.59282 0.352011 0.219147 0.187923 0.126507 0.121611 0.120187 0.145823 0.142821 0.120914 0.108717 0.116287
threshold=1.0000000180025095e-35 183.44999694824222 10.750000000000002 438.05000305175787 37.350000381469734 15.949999809265138 121.64999771118165 427.55000305175787 27.94999980926514 17.250000000000004 26.750000000000004 49.850000381469734 29.250000000000004 15.650000095367433 29.650000572204593 3.6499999761581425 0.94999998807907116 239.94999694824222 38.149999618530281 28.349999427795414 3.3500000238418584 27.150000572204593 343.15000915527349 5.5499999523162851 1.0500000119209292 8.0500001907348651 33.149999618530281 1.0000000180025095e-35 7.8500001430511483 41.649999618530281
decision_type=2 2 2 2 2 2 2 2 2 2 2 2 2 2 2 2 2 2 2 2 2 2 2 2 2 2 2 2 2 2
left_child=15 6 3 4 -3 -5 9 8 -4 10 -2 21 -13 -9 -11 24 20 18 -18 -19 22 -8 -17 -22 28 26 -26 -27 29 -1
right_child=1 2 7 5 -6 -7 11 13 -10 14 -12 12 -14 -15 -16 16 17 19 -20 -21 23 -23 -24 -25 25 27 -28 -29 -30 -31
leaf_value=0.0034353347095020582 -0.00088967363452661756 0.0027203280604748436 -0.00011018651875665878 -0.0023900976895405851 -0.0018337696246289008 0.00018633993170073709 0.002825067992645704 -0.0015201105105516308 -0.0033076822776972659 0.0018199998083102836 0.0016287063591761378 0.00018805871627265228 -0.0095460352334684057 4.6503998549255447e-05 -0.00090160924336019728 0.0027153117970188786 -2.4752550577306751e-05 -0.00012537693450540203 -0.00087019806209442149 5.0784904898294758e-05 0.00086884647647889751 0.0015787856142572736 -0.00064052358679675869 0.00011501616094439828 0.0016364783048438709 0.0063771056887858063 0.0064573576382007183 0.000372365581184936 0.0018622584393930459 0.013012082466766947
leaf_weight=32 7013 8486 7702 2421 2737 13948 3328 2670 3596 3670 2338 1086 76 44331 634 604 165188 153476 25759 434739 2915 1901 138 8050 457 34 71 2448 131 21
leaf_count=32 7013 8486 7702 2421 2737 13948 3328 2670 3596 3670 2338 1086 76 44331 634 604 165188 153476 25759 434739 2915 1901 138 8050 457 34 71 2448 131 21
internal_value=7.47154e-12 0.000148167 1.60798e-06 0.000539226 0.0016097 -0.000194719 0.000776127 -0.000252838 -0.00112791 0.000269236 -0.000260011 0.00185915 -0.000448595 -4.24911e-05 0.00141909 -1.97671e-05 -2.3592e-05 -3.03768e-05 -0.000138804 4.82107e-06 0.000427968 0.00237198 0.00209118 0.000315419 0.000927319 0.000775653 0.00228474 0.000454622 0.00340837 0.0072299
internal_weight=900000 105937 85891 27592 11223 16369 20046 58299 11298 13655 9351 6391 1162 47001 4304 794063 790869 779162 190947 588215 11707 5229 742 10965 3194 3010 528 2482 184 53
internal_count=900000 105937 85891 27592 11223 16369 20046 58299 11298 13655 9351 6391 1162 47001 4304 794063 790869 779162 190947 588215 11707 5229 742 10965 3194 3010 528 2482 184 53
is_linear=0
shrinkage=0.1


Tree=93
num_leaves=31
num_cat=0
split_feature=2 0 3 0 1 3 0 0 1 3 0 4 1 6 1 0 0 3 1 0 2 3 0 0 1 4 2 4 0 1
split_gain=0.272361 1.41654 0.588425 0.750528 1.0668 0.691855 0.678528 0.54202 0.911616 0.523911 0.491662 0.464689 1.94161 0.414665 0.271678 0.427639 0.317372 0.257337 0.228837 0.218526 0.205532 0.171685 0.262974 0.183447 0.216686 0.162543 0.153103 0.137954 0.116379 0.100192
threshold=47.649999618530281 199.15000152587893 28.44999980926514 167.84999847412112 49.549999237060554 2.4500000476837163 465.75000000000006 75.950000762939467 49.049999237060554 7.4500000476837167 32.750000000000007 1.0000000180025095e-35 23.550000190734867 21.500000000000004 23.150000572204593 199.15000152587893 39.850000381469734 2.4500000476837163 49.549999237060554 219.34999847412112 58.95000076293946 6.7500000000000009 319.55000305175787 203.05000305175784 9.3499999046325701 1.0000000180025095e-35 0.45000000298023229 1.0000000180025095e-35 935.85000610351574 105.95000076293947
decision_type=2 2 2 2 2 2 2 2 2 2 2 2 2 2 2 2 2 2 2 2 2 2 2 2 2 2 2 2 2 2
left_child=2 7 3 4 13 -6 14 8 9 -2 -10 19 -13 -1 16 -16 -4 18 -9 -5 -19 22 25 24 -23 -3 -8 -25 -28 -24
right_child=1 21 6 11 5 -7 26 17 10 -11 -12 12 -14 -15 15 -17 -18 20 -20 -21 -22 23 29 27 -26 -27 28 -29 -30 -31
leaf_value=-0.004313926288005576 0.00098643981724147044 -0.00093782017476304975 0.00095843310790401772 -0.00030665763228823349 0.0019803775696851521 -0.0012521274716776566 0.0057864000258797954 0.00030586345595114145 -0.00028833173944250399 -0.00040425855327702826 -0.0072654713736718174 0.0013055466901690015 -0.00039465991694236969 0.00037388075847415853 -0.0023241081600822683 -0.00044621677900807418 -0.00066284879731771441 -0.0013944706884753725 -0.0040298319237609941 -1.726122391744829e-05 -0.00076207545664353751 -0.0015043295257499553 -5.392592823456851e-05 4.0856791187771789e-05 0.0028258644996025373 0.00050127595923577244 0.00066674958035247811 -0.0001368635971069742 -0.00067616827147973474 -0.00064390690132422844
leaf_weight=189 3834 5828 1353 30509 741 6220 55 2161 161 9231 271 12351 14724 116591 2385 2467 11220 9592 129 180248 11071 154 55805 363168 463 907 4741 49649 747 3035
leaf_count=189 3834 5828 1353 30509 741 6220 55 2161 161 9231 271 12351 14724 116591 2385 2467 11220 9592 129 180248 11071 154 55805 363168 463 907 4741 49649 747 3035
internal_value=-1.10392e-11 -4.75144e-05 6.36908e-05 9.48681e-05 0.000294607 -0.000908027 -0.000427116 -0.000648468 -0.000145593 3.84995e-06 -0.00466519 -9.0538e-06 0.000380936 0.000366294 -0.000733671 -0.00136929 -0.00048838 -0.000944172 6.16256e-05 -5.9154e-05 -0.00105564 -1.78516e-06 -0.000152109 2.20578e-05 0.00174507 -0.000744018 0.000536571 1.94826e-05 0.000483958 -8.43575e-05
internal_weight=900000 515459 384541 361573 123741 6961 22968 36450 13497 13065 432 237832 27075 116780 17425 4852 12573 22953 2290 210757 20663 479009 65575 413434 617 6735 5543 412817 5488 58840
internal_count=900000 515459 384541 361573 123741 6961 22968 36450 13497 13065 432 237832 27075 116780 17425 4852 12573 22953 2290 210757 20663 479009 65575 413434 617 6735 5543 412817 5488 58840
is_linear=0
shrinkage=0.1


Tree=94
num_leaves=31
num_cat=0
split_feature=5 3 4 0 0 0 0 1 2 1 1 1 2 0 1 2 3 0 2 2 0 4 3 3 0 0 0 1 2 2
split_gain=0.254018 1.08287 0.873871 0.766984 0.819362 0.676456 1.22708 0.608076 0.569652 0.387694 0.373852 0.337257 0.300283 0.284988 1.38386 1.49794 1.15367 0.516462 1.61911 1.1279 0.438404 0.228339 0.448707 0.425148 2.42824 0.727473 0.405674 0.328804 0.204622 0.151703
threshold=1.0000000180025095e-35 30.050000190734867 1.0000000180025095e-35 617.95001220703136 235.94999694824222 1160.850036621094 487.34999084472662 41.049999237060554 135.05000305175784 30.750000000000004 18.44999980926514 9.0500001907348651 86.950000762939467 248.34999847412112 27.550000190734867 49.850000381469734 26.050000190734867 102.35000228881837 26.150000572204593 22.750000000000004 91.049999237060561 1.0000000180025095e-35 5.7500000000000009 4.9500000476837167 396.84999084472662 605.04998779296886 721.85000610351574 40.549999237060554 106.35000228881837 53.45000076293946
decision_type=2 2 2 2 2 2 2 2 2 2 2 2 2 2 2 2 2 2 2 2 2 2 2 2 2 2 2 2 2 2
left_child=13 2 5 4 7 6 -2 -3 9 -4 29 -6 -12 14 15 16 -1 18 -16 -19 -17 22 27 24 -23 -25 -24 -15 -7 -5
right_child=1 3 8 10 11 28 -8 -9 -10 -11 12 -13 -14 21 17 20 -18 19 -20 -21 -22 23 26 25 -26 -27 -28 -29 -30 -31
leaf_value=0.00029623552309454299 0.00029437043894748428 0.00048691092786344982 0.00055177887497910171 0.0052855907907910851 -0.00067219334699488299 0.0015535302508526594 -0.00030769394326318219 -0.0071430145758627495 -0.00083697557203951667 0.001459057425399049 -0.0013402812723812103 -0.002929725117766362 -0.0001508402319544037 -0.00038154150401498079 0.00076459532674001348 -0.0001256558680589202 -0.00078121701148193808 -0.0016069554668128689 -0.0011208716520359021 -0.00032159432528446199 -0.0010402967381760264 0.0032496708656729991 0.00020988782683426823 -0.00085272161588963451 -0.0005416024487737203 -3.3650356827758792e-05 -5.9214010469230681e-06 3.8889030585899095e-05 0.00059556355986076649 0.0014001102523711591
leaf_weight=95570 86475 2071 9970 148 883 2769 55629 110 1898 8927 2246 2641 38596 40867 8921 8201 11091 12124 9305 15625 14517 2307 142855 15677 6310 35171 223192 34142 11449 313
leaf_count=95570 86475 2071 9970 148 883 2769 55629 110 1898 8927 2246 2641 38596 40867 8921 8201 11091 12124 9305 15625 14517 2307 142855 15677 6310 35171 223192 34142 11449 313
internal_value=9.42741e-13 9.22569e-05 0.000205497 -0.000334409 -0.00142126 0.000124482 5.86822e-05 0.000102091 0.000814506 0.00098038 -0.000184287 -0.00236406 -0.00021625 -3.05931e-05 -0.0001403 2.71625e-05 0.000184198 -0.000611558 -0.000198 -0.00088319 -0.000710119 7.84194e-06 3.26426e-05 -0.000176106 0.000473422 -0.000286179 7.83012e-05 -0.000190173 0.000782131 0.00264751
internal_weight=900000 224125 177117 47008 5705 156322 142104 2181 20795 18897 41303 3524 40842 675875 175354 129379 106661 45975 18226 27749 22718 500521 441056 59465 8617 50848 366047 75009 14218 461
internal_count=900000 224125 177117 47008 5705 156322 142104 2181 20795 18897 41303 3524 40842 675875 175354 129379 106661 45975 18226 27749 22718 500521 441056 59465 8617 50848 366047 75009 14218 461
is_linear=0
shrinkage=0.1


Tree=95
num_leaves=31
num_cat=0
split_feature=3 2 0 6 5 0 4 5 0 2 1 3 2 0 1 1 5 0 1 0 1 4 5 2 0 3 1 3 0 0
split_gain=0.245837 0.239654 0.206226 0.195837 0.243757 0.34289 0.16557 0.71612 0.185871 0.165243 0.16294 0.163444 0.143896 0.325193 0.170719 0.138362 0.160552 0.139311 0.132954 0.151448 0.178992 0.132126 0.122999 0.158779 0.120318 0.0936893 0.174522 0.170998 0.089944 0.0694569
threshold=0.65000000596046459 0.84999999403953563 7.3500001430511483 14.500000000000002 1.0000000180025095e-35 148.65000152587893 1.0000000180025095e-35 1.0000000180025095e-35 239.94999694824222 8.4499998092651385 0.35000000894069677 6.1499998569488534 8.0500001907348651 98.549999237060561 21.750000000000004 112.45000076293947 1.0000000180025095e-35 391.65000915527349 130.55000305175784 1010.1499938964845 143.15000152587893 1.0000000180025095e-35 1.0000000180025095e-35 9.2500000000000018 1647.350036621094 7.4500000476837167 16.849999427795414 18.650000572204593 7.3500001430511483 682.54998779296886
decision_type=2 2 2 2 2 2 2 2 2 2 2 2 2 2 2 2 2 2 2 2 2 2 2 2 2 2 2 2 2 2
left_child=9 2 25 4 5 -3 8 -8 -5 12 11 -4 15 -14 -15 17 -17 -1 22 29 -21 -12 28 -24 -6 26 -2 -27 -11 -20
right_child=1 3 10 6 24 -7 7 -9 -10 18 21 -13 13 14 -16 16 -18 -19 19 20 -22 -23 23 -25 -26 27 -28 -29 -30 -31
leaf_value=0.0012499211743403097 0.002324372210370546 -0.0053084592094287146 -0.002893441407941282 -0.00011267638458023093 -0.0049266831083680379 0.0004966089339787349 -4.4558542651106703e-05 0.00056504209422432786 1.1797459982454703e-06 0.0024517647019460984 0.00028700630635035835 0.0075236698948457602 0.015143135974041955 0.0065860584409992125 -0.0017709440035237507 0.0016879959305262438 0.011519231503972641 -0.00042990256184561177 -0.0011278399665440833 -0.0031005127713657345 0.0093122666479930997 0.0016365736346337627 -0.0048691977895796296 0.00079987039614653967 0.0022684696488655533 -0.0011135440921255699 0.015231327569927089 0.008414579050675516 8.0703517753040084e-05 -0.0058351150795485527
leaf_weight=1809 22 123 20 190656 219 589 76913 25713 578283 162 6350 61 23 44 55 46 26 679 49 26 21 819 50 4150 26 48 20 31 12880 87
leaf_count=1809 22 123 20 190656 219 589 76913 25713 578283 162 6350 61 23 44 55 46 26 679 49 26 21 819 50 4150 26 48 20 31 12880 87
internal_value=-2.28631e-11 -7.90065e-06 0.000559908 -1.26975e-05 -0.00144243 -0.000506233 -1.11276e-05 0.000108177 -2.70505e-05 0.000345735 0.000491575 0.00495154 0.00107645 0.00443178 0.00194328 0.000916544 0.00523816 0.000791481 0.000233267 -0.00244795 0.00244562 0.000441183 0.000261724 0.000732381 -0.00416312 0.00465425 0.00847054 0.00262534 0.000110155 -0.00413911
internal_weight=900000 879893 7371 872522 957 712 871565 102626 768939 20107 7250 81 2682 122 99 2560 72 2488 17425 183 47 7169 17242 4200 245 121 42 79 13042 136
internal_count=900000 879893 7371 872522 957 712 871565 102626 768939 20107 7250 81 2682 122 99 2560 72 2488 17425 183 47 7169 17242 4200 245 121 42 79 13042 136
is_linear=0
shrinkage=0.1


Tree=96
num_leaves=31
num_cat=0
split_feature=3 1 0 0 1 2 0 2 2 5 0 4 1 0 3 3 6 3 0 1 2 3 1 0 2 6 2 1 2 2
split_gain=0.205228 0.689876 0.721799 0.467415 0.703171 0.946844 0.315725 0.768418 0.486426 0.267189 0.328823 0.187956 0.182928 0.224617 0.255769 0.265314 0.167886 0.165137 0.15823 1.30688 1.39864 0.521611 0.237676 0.298822 0.148403 0.140877 0.124481 0.102226 0.27262 0.219336
threshold=3.6499999761581425 13.84999990463257 402.34999084472662 156.25000000000003 27.150000572204593 21.250000000000004 110.35000228881837 37.149999618530281 24.750000000000004 1.0000000180025095e-35 310.25000000000006 1.0000000180025095e-35 0.65000000596046459 29.550000190734867 31.050000190734867 24.650000572204593 42.500000000000007 5.5499999523162851 231.65000152587893 42.049999237060554 48.649999618530281 18.250000000000004 25.94999980926514 396.84999084472662 0.84999999403953563 2.5000000000000004 3.7500000000000004 8.7500000000000018 5.9500000476837167 2.0499999523162846
decision_type=2 2 2 2 2 2 2 2 2 2 2 2 2 2 2 2 2 2 2 2 2 2 2 2 2 2 2 2 2 2
left_child=1 2 6 4 16 -6 8 -8 -1 10 -5 -11 13 14 15 -2 -3 26 19 20 -14 -21 23 -20 -19 -24 -15 29 -29 -4
right_child=12 3 27 9 5 -7 7 -9 -10 11 -12 -13 18 17 -16 -17 -18 24 22 21 -22 -23 25 -25 -26 -27 -28 28 -30 -31
leaf_value=-0.00044465418254387645 0.0027899409463674192 -0.0092969146044924855 0.004419716239876666 -0.00076825021117204811 0.0027181019686356939 0.00018451463234180201 0.0015271651326184401 8.7174330130608427e-05 0.0010577496359191845 8.0475604625487092e-05 -0.00012940169302060698 0.0011335641707204819 0.00012847938520396023 -0.0028892751607411315 0.013249943201385795 -0.0043828824541033732 -0.00012248870049716255 0.0041668239319543506 4.3795729776122382e-05 -0.00064349444592952539 -0.0006224252278457295 -0.0019864017207925785 0.0045871643791221741 -0.00025219440128299204 9.9096724738032148e-05 3.5221292646148431e-05 0.0021501932084333234 -0.0044503311321099914 -0.00052595041681322149 -0.0001346256604107488
leaf_weight=4437 465 20 108 10190 2655 3319 10780 5647 4190 14395 38488 1921 129888 53 21 58 7398 91 63997 14327 30660 3624 68 73031 6225 465247 652 189 2792 5064
leaf_count=4437 465 20 108 10190 2655 3319 10780 5647 4190 14395 38488 1921 129888 53 21 58 7398 91 63997 14327 30660 3624 68 73031 6225 465247 652 189 2792 5064
internal_value=8.52922e-12 0.000126927 0.000508934 -3.49042e-05 0.000503051 0.00131051 0.000774892 0.00103215 0.00028504 -0.00014575 -0.000263135 0.000204463 -1.79655e-05 0.00047141 0.00242898 0.00199448 -0.000147224 0.000319734 -2.27067e-05 -0.000105399 -1.49216e-05 -0.000914604 1.7985e-06 -0.000113956 0.000157704 3.58865e-05 0.00177134 -0.00030835 -0.000774762 -3.95234e-05
internal_weight=900000 111593 33207 78386 13392 5974 25054 16427 8627 64994 48678 16316 788407 7565 544 523 7418 7021 780842 178499 160548 17951 602343 137028 6316 465315 705 8153 2981 5172
internal_count=900000 111593 33207 78386 13392 5974 25054 16427 8627 64994 48678 16316 788407 7565 544 523 7418 7021 780842 178499 160548 17951 602343 137028 6316 465315 705 8153 2981 5172
is_linear=0
shrinkage=0.1


Tree=97
num_leaves=24
num_cat=0
split_feature=0 1 5 3 3 3 6 3 0 1 1 2 0 2 2 1 0 1 0 1 2 1 5
split_gain=0.190682 0.24936 0.25343 0.221815 0.197429 0.176129 0.157458 0.200264 0.40203 0.151679 0.155049 0.146906 0.176008 0.141475 0.186394 0.259069 0.122637 0.226791 0.161407 0.119781 0.118751 0.111725 0.107423
threshold=11.150000095367433 78.350002288818374 1.0000000180025095e-35 35.350000381469734 33.45000076293946 0.65000000596046459 18.500000000000004 6.3500001430511483 54.45000076293946 3.3500000238418584 32.750000000000007 1.6500000357627871 348.05000305175787 11.449999809265138 11.84999990463257 17.150000572204593 407.25000000000006 45.049999237060554 57.95000076293946 0.65000000596046459 10.550000190734865 27.150000572204593 1.0000000180025095e-35
decision_type=2 2 2 2 2 2 2 2 2 2 2 2 2 2 2 2 2 2 2 2 2 2 2
left_child=1 2 9 4 -4 13 7 8 -7 20 -11 12 -8 16 15 -15 18 -18 -2 -13 -1 -16 -9
right_child=5 -3 3 -5 -6 6 11 22 -10 10 -12 19 -14 14 21 -17 17 -19 -20 -21 -22 -23 -24
leaf_value=0.0033389611147740337 -0.00077056874495800502 -0.0076721804884360423 0.00127050540791623 -0.0092155382240889597 0.010026632299503456 -0.01744843668770045 0.00054426857275795357 3.3977786520624471e-05 -0.0025391625419456795 -0.00020912866796304018 0.0009940664569770062 0.00035975545147724899 -0.00023060499345367065 -0.0090722168475132585 0.0004615694275039005 1.7032428656386424e-05 -0.0016386095873475862 0.0014031695838791465 0.0015546645522824614 -1.9221139492709217e-05 0.00072498750786832754 -6.5248230783757769e-05 -0.0023473383762170619
leaf_weight=228 346 38 2684 20 26 20 9764 754 189 5932 1307 8423 4189 52 8000 79 479 502 2176 845705 731 8103 253
leaf_count=228 346 38 2684 20 26 20 9764 754 189 5932 1307 8423 4189 52 8000 79 479 502 2176 845705 731 8103 253
internal_value=2.81224e-13 0.000414446 0.000442566 0.00127708 0.00135451 -5.11209e-06 -1.18188e-05 -0.00114895 -0.00396589 0.000164667 8.10797e-06 -1.0226e-05 0.000311634 0.000290281 0.000165913 -0.00359091 0.000866637 -8.2062e-05 0.00123566 -1.54839e-05 0.00134645 0.000196476 -0.000564307
internal_weight=900000 10966 10928 2730 2710 889034 869297 1216 209 8198 7239 868081 13953 19737 16234 131 3503 981 2522 854128 959 16103 1007
internal_count=900000 10966 10928 2730 2710 889034 869297 1216 209 8198 7239 868081 13953 19737 16234 131 3503 981 2522 854128 959 16103 1007
is_linear=0
shrinkage=0.1


Tree=98
num_leaves=26
num_cat=0
split_feature=2 5 1 3 0 3 0 3 6 0 4 0 0 3 0 3 3 1 2 1 0 3 0 1 1
split_gain=0.166081 0.493497 0.310948 0.311819 0.349674 0.244555 0.14041 0.13511 0.130517 0.124276 0.114023 0.74341 0.790633 0.654364 0.238723 1.10652 0.225804 0.103879 0.0944603 0.155463 0.25591 0.181631 0.13743 0.279054 0.141353
threshold=5.5499999523162851 1.0000000180025095e-35 0.35000000894069677 5.3500001430511483 179.55000305175784 2.6499999761581425 1.0000000180025095e-35 2.6499999761581425 14.500000000000002 417.05000305175787 1.0000000180025095e-35 183.44999694824222 125.54999923706056 10.750000000000002 239.94999694824222 18.050000190734867 11.750000000000002 15.650000095367433 2.9500000476837163 64.750000000000014 244.05000305175784 21.250000000000004 160.15000152587893 41.549999237060554 21.750000000000004
decision_type=2 2 2 2 2 2 2 2 2 2 2 2 2 2 2 2 2 2 2 2 2 2 2 2 2
left_child=1 2 3 7 -5 9 17 -1 -7 -4 14 12 -12 -13 15 -8 -16 -2 19 21 -21 -3 23 -20 -24
right_child=6 18 5 4 -6 8 10 -9 -10 -11 11 13 -14 -15 16 -17 -18 -19 22 20 -22 -23 24 -25 -26
leaf_value=0.0015409767820916264 0.00043294719187542802 3.9644245840926706e-05 0.00087545561501520947 0.0083547221964584192 0.0010199298020434212 -0.0060729478844567331 3.1357463128564753e-05 -0.00626389792055956 -0.00013021747942487533 -0.00024006886189825404 0.00024056742316848836 0.00038107694517447487 0.001699135674984191 -0.00022631949429149191 -8.228077175814199e-05 -0.00052345579178716419 5.1335496342420874e-05 0.010287099939001643 0.0013040555491004009 0.0067426604753290063 0.0011213843010743246 0.0015273237775825696 0.0012916590193611157 0.0053896999739166456 6.998415525279864e-05
leaf_weight=47 20 4870 3982 131 129 37 127142 42 31767 1333 12416 25789 5304 56806 188649 50117 383776 23 1933 93 627 987 1808 183 1989
leaf_count=47 20 4870 3982 131 129 37 127142 42 31767 1333 12416 25789 5304 56806 188649 50117 383776 23 1933 93 627 987 1808 183 1989
internal_value=1.58799e-11 0.000177197 -4.2672e-06 0.00296671 0.00471554 -3.22009e-05 -1.04141e-05 -0.00214222 -0.000137131 0.000595682 -1.07031e-05 8.94222e-05 0.00067715 -3.66694e-05 -2.41009e-05 -0.000125507 7.30078e-06 0.00570377 0.00072156 0.000460805 0.00184747 0.000290343 0.0010116 0.0016574 0.000651703
internal_weight=900000 49958 37468 349 260 37119 850042 89 31804 5315 849999 100315 17720 82595 749684 177259 572425 43 12490 6577 720 5857 5913 2116 3797
internal_count=900000 49958 37468 349 260 37119 850042 89 31804 5315 849999 100315 17720 82595 749684 177259 572425 43 12490 6577 720 5857 5913 2116 3797
is_linear=0
shrinkage=0.1


Tree=99
num_leaves=27
num_cat=0
split_feature=0 1 0 0 2 3 2 3 5 3 0 0 0 1 1 5 1 1 2 3 2 2 1 1 1 1
split_gain=0.15939 0.143352 0.184023 0.249903 0.232948 0.208028 0.205509 0.192671 0.143993 0.843849 0.648837 0.624073 0.265462 0.909171 0.260974 0.127519 0.103515 0.150394 0.33373 0.221241 0.186033 0.157073 0.154383 0.0983944 0.0491861 0.0988179
threshold=3.6499999761581425 1.0000000180025095e-35 167.84999847412112 133.25000000000003 25.150000572204593 20.650000572204593 18.44999980926514 14.550000190734865 1.0000000180025095e-35 28.44999980926514 553.64999389648449 487.34999084472662 310.25000000000006 25.550000190734867 15.949999809265138 1.0000000180025095e-35 60.049999237060554 34.850000381469734 47.649999618530281 25.44999980926514 46.049999237060554 50.45000076293946 4.5499999523162851 41.049999237060554 64.149997711181655 71.049999237060561
decision_type=2 2 2 2 2 2 2 2 2 2 2 2 2 2 2 2 2 2 2 2 2 2 2 2 2 2
left_child=16 2 3 5 6 -2 -4 -5 12 11 -11 -10 13 -3 -14 -6 17 20 19 -19 22 -22 -1 -20 -18 -26
right_child=1 8 4 7 15 -7 -8 -9 9 10 -12 -13 14 -15 -16 -17 24 18 23 -21 21 -23 -24 -25 25 -27
leaf_value=0.0017705743539004797 0.0033749806722577582 1.8927332249540038e-05 0.00084373861279738057 0.0044868897811016616 -0.00058544086107172944 -0.0039853136210391922 0.0090768794750883466 0.01633755580481628 0.00034454935004115685 -0.0011695767472861874 -0.00014514238636940141 -4.0375815639150274e-05 -0.00018233073166684028 -0.0004315951767189008 4.3950860750559761e-05 -0.0059042556763831845 -0.0070450046269053771 0.0045751230174873054 4.8439961898586026e-05 -0.0062702367501333359 0.0052728926988258483 0.0012570608933467782 -0.00024081256705000377 -0.0067794020813054003 0.0034213431462969471 -0.0055770545087468169
leaf_weight=468 192 145101 109 34 191 48 42 23 94869 7161 45248 75751 58317 64796 404454 59 22 316 46 20 124 454 2067 39 23 26
leaf_count=468 192 145101 109 34 191 48 42 23 94869 7161 45248 75751 58317 64796 404454 59 22 316 46 20 124 454 2067 39 23 26
internal_value=-2.43626e-11 -2.6688e-06 0.00142986 0.00331656 3.24842e-05 0.00190292 0.00313375 0.00926874 -3.78515e-06 6.58471e-05 -0.000285118 0.000173652 -2.68723e-05 -0.000120151 1.54355e-05 -0.00184068 0.0006636 0.000739553 0.00251346 0.00392957 0.000499651 0.00211859 0.00013052 -0.00308433 -0.00311694 -0.00135332
internal_weight=900000 896395 698 297 401 240 151 57 895697 223029 52409 170620 672668 209897 462771 250 3605 3534 421 336 3113 578 2535 85 71 49
internal_count=900000 896395 698 297 401 240 151 57 895697 223029 52409 170620 672668 209897 462771 250 3605 3534 421 336 3113 578 2535 85 71 49
is_linear=0
shrinkage=0.1


end of trees

feature_importances:
Column_0=804
Column_1=560
Column_3=547
Column_4=401
Column_2=393
Column_5=209
Column_6=49

parameters:
[boosting: gbdt]
[objective: regression]
[metric: l2]
[tree_learner: serial]
[device_type: cpu]
[data_sample_strategy: bagging]
[data: ]
[valid: ]
[num_iterations: 100]
[learning_rate: 0.1]
[num_leaves: 31]
[num_threads: 8]
[seed: 42]
[deterministic: 0]
[force_col_wise: 0]
[force_row_wise: 0]
[histogram_pool_size: -1]
[max_depth: 5]
[min_data_in_leaf: 20]
[min_sum_hessian_in_leaf: 0.001]
[bagging_fraction: 1]
[pos_bagging_fraction: 1]
[neg_bagging_fraction: 1]
[bagging_freq: 0]
[bagging_seed: 400]
[bagging_by_query: 0]
[feature_fraction: 1]
[feature_fraction_bynode: 1]
[feature_fraction_seed: 30056]
[extra_trees: 0]
[extra_seed: 12879]
[early_stopping_round: 0]
[early_stopping_min_delta: 0]
[first_metric_only: 0]
[max_delta_step: 0]
[lambda_l1: 0]
[lambda_l2: 0]
[linear_lambda: 0]
[min_gain_to_split: 0]
[drop_rate: 0.1]
[max_drop: 50]
[skip_drop: 0.5]
[xgboost_dart_mode: 0]
[uniform_drop: 0]
[drop_seed: 17869]
[top_rate: 0.2]
[other_rate: 0.1]
[min_data_per_group: 100]
[max_cat_threshold: 32]
[cat_l2: 10]
[cat_smooth: 10]
[max_cat_to_onehot: 4]
[top_k: 20]
[monotone_constraints: ]
[monotone_constraints_method: basic]
[monotone_penalty: 0]
[feature_contri: ]
[forcedsplits_filename: ]
[refit_decay_rate: 0.9]
[cegb_tradeoff: 1]
[cegb_penalty_split: 0]
[cegb_penalty_feature_lazy: ]
[cegb_penalty_feature_coupled: ]
[path_smooth: 0]
[interaction_constraints: ]
[verbosity: -1]
[saved_feature_importance_type: 0]
[use_quantized_grad: 0]
[num_grad_quant_bins: 4]
[quant_train_renew_leaf: 0]
[stochastic_rounding: 1]
[linear_tree: 0]
[max_bin: 255]
[max_bin_by_feature: ]
[min_data_in_bin: 3]
[bin_construct_sample_cnt: 200000]
[data_random_seed: 175]
[is_enable_sparse: 1]
[enable_bundle: 1]
[use_missing: 1]
[zero_as_missing: 0]
[feature_pre_filter: 1]
[pre_partition: 0]
[two_round: 0]
[header: 0]
[label_column: ]
[weight_column: ]
[group_column: ]
[ignore_column: ]
[categorical_feature: ]
[forcedbins_filename: ]
[precise_float_parser: 0]
[parser_config_file: ]
[objective_seed: 16083]
[num_class: 1]
[is_unbalance: 0]
[scale_pos_weight: 1]
[sigmoid: 1]
[boost_from_average: 1]
[reg_sqrt: 0]
[alpha: 0.9]
[fair_c: 1]
[poisson_max_delta_step: 0.7]
[tweedie_variance_power: 1.5]
[lambdarank_truncation_level: 30]
[lambdarank_norm: 1]
[label_gain: ]
[lambdarank_position_bias_regularization: 0]
[eval_at: ]
[multi_error_top_k: 1]
[auc_mu_weights: ]
[num_machines: 1]
[local_listen_port: 12400]
[time_out: 120]
[machine_list_filename: ]
[machines: ]
[gpu_platform_id: -1]
[gpu_device_id: -1]
[gpu_device_id_list: ]
[gpu_use_dp: 0]
[num_gpu: 1]

end of parameters

pandas_categorical:null
